seed,dataset,model,optimizer,history,raw_f1_history,raw_auc_history,raw_f1_trials,raw_auc_trials,cumulative_time,trial_durations
1,breast_cancer,random_forest,Optuna (TPE),"[0.37764007311353764, 0.7819172225515767, 1.5709376368490426, 1.5709376368490426, 1.5709376368490426, 1.5709376368490426, 1.6347294288451637, 1.6347294288451637, 1.6347294288451637, 1.6347294288451637, 1.6347294288451637, 1.6347294288451637, 1.6347294288451637, 1.6347294288451637, 1.6347294288451637, 1.6347294288451637, 1.6347294288451637, 1.6347294288451637, 1.6347294288451637, 1.6531448670898052, 1.6531448670898052, 1.6531448670898052, 1.7606035120573462, 1.7606035120573462, 1.7606035120573462, 1.7606035120573462, 1.7606035120573462, 1.7606035120573462, 1.7606035120573462, 1.7606035120573462]","[0.9659559058451777, 0.9692343802649648, 0.972092246247732, 0.972092246247732, 0.972092246247732, 0.972092246247732, 0.972092246247732, 0.972092246247732, 0.972092246247732, 0.9721860980164607, 0.9721860980164607, 0.9721860980164607, 0.9721860980164607, 0.9721860980164607, 0.9721860980164607, 0.9721860980164607, 0.9721860980164607, 0.9721860980164607, 0.9721860980164607, 0.9721860980164607, 0.9721860980164607, 0.9721860980164607, 0.9721860980164607, 0.9721860980164607, 0.9721860980164607, 0.9721860980164607, 0.9721860980164607, 0.9721860980164607, 0.9721860980164607, 0.9721860980164607]","[0.9893504220846179, 0.9893504220846179, 0.991471070176442, 0.991471070176442, 0.991471070176442, 0.991471070176442, 0.991809188464118, 0.991809188464118, 0.991809188464118, 0.991809188464118, 0.9921414143777394, 0.9921414143777394, 0.9921414143777394, 0.9921414143777394, 0.9921414143777394, 0.9921414143777394, 0.9921414143777394, 0.9921414143777394, 0.9921414143777394, 0.9929902845150143, 0.9929902845150143, 0.9929902845150143, 0.9929902845150143, 0.9929902845150143, 0.9929902845150143, 0.9929902845150143, 0.9929902845150143, 0.9929902845150143, 0.9929902845150143, 0.9929902845150143]","[0.9659559058451777, 0.9692343802649648, 0.972092246247732, 0.9704407194951902, 0.964741762278087, 0.9659480118920628, 0.970595508149465, 0.9705896922838452, 0.9674159518880016, 0.9721860980164607, 0.9663410496092922, 0.9678076620203443, 0.9651970265881588, 0.9634285566090212, 0.9652413460487995, 0.9664313717482141, 0.9666297764610838, 0.9691302883783981, 0.9678196640435717, 0.9678697502427613, 0.9678571962978527, 0.9679117539069109, 0.9692715052666623, 0.9677700976970657, 0.9691923766008153, 0.9635535013784986, 0.9716361859304087, 0.9677329726953682, 0.9664103463373144, 0.9673933572826291]","[0.9893504220846179, 0.9888886722574899, 0.991471070176442, 0.9908159551624995, 0.9900457872125085, 0.9906961796619511, 0.991809188464118, 0.9884472641187347, 0.9906253845207333, 0.9909655824698405, 0.9921414143777394, 0.9912158567251919, 0.9907766365635673, 0.9907494709861234, 0.9908200061696621, 0.9911450399208344, 0.9908137888485088, 0.9918095134112166, 0.9895188746605387, 0.9929902845150143, 0.9916731872717788, 0.9920662432822602, 0.9927276189436359, 0.9927984357479935, 0.9886868367829716, 0.9912670033985135, 0.9893791257449953, 0.9921355003405445, 0.9927925000476587, 0.9896127843720375]","[7.200281918980181, 11.295449404977262, 22.837377387098968, 30.59985702112317, 38.61265808530152, 48.12980534043163, 54.684404800180346, 58.68216165341437, 67.76359537942335, 77.140951203648, 83.18242250662297, 95.6441176244989, 108.76654197042808, 119.99402741342783, 126.1913510626182, 137.1565077006817, 143.13998800097033, 154.38929261779413, 164.74651265284047, 169.47883439064026, 174.36091055674478, 181.25411746650934, 186.09657209459692, 191.41148868296295, 196.3488926650025, 200.0920266220346, 205.6294686831534, 212.5160750360228, 217.0358339897357, 224.5540322549641]","[7.200281918980181, 4.095167485997081, 11.541927982121706, 7.762479634024203, 8.012801064178348, 9.517147255130112, 6.554599459748715, 3.997756853234023, 9.081433726008981, 9.37735582422465, 6.041471302974969, 12.461695117875934, 13.122424345929176, 11.22748544299975, 6.197323649190366, 10.96515663806349, 5.983480300288647, 11.249304616823792, 10.357220035046339, 4.7323217377997935, 4.882076166104525, 6.893206909764558, 4.84245462808758, 5.314916588366032, 4.937403982039541, 3.7431339570321143, 5.537442061118782, 6.886606352869421, 4.519758953712881, 7.5181982652284205]"
1,breast_cancer,random_forest,AMSCO,"[0.535121741998737, 0.535121741998737, 0.535121741998737, 0.535121741998737, 0.535121741998737, 0.535121741998737, 0.535121741998737, 0.535121741998737, 0.535121741998737]","[0.9692343802649648, 0.9692343802649648, 0.9692343802649648, 0.9692343802649648, 0.9692343802649648, 0.9692343802649648, 0.9692343802649648, 0.9692343802649648, 0.9692343802649648]","[0.9921348721094873, 0.9921348721094873, 0.9921348721094873, 0.9921348721094873, 0.9921348721094873, 0.9921348721094873, 0.9921348721094873, 0.9921348721094873, 0.9922602800264118]","[0.9692343802649648, 0.966170180840926, 0.9687531086423805, 0.9690770946119202, 0.9604723666682687, 0.967991183144712, 0.9678571962978527, 0.9677538255782793, 0.9649297916506289]","[0.9921348721094873, 0.989718522157926, 0.9894811374708198, 0.9915440316316502, 0.9912227672668223, 0.991084231487114, 0.988657504891537, 0.9914763343194395, 0.9922602800264118]","[7.1650587799958885, 18.87628804007545, 26.032246680930257, 36.27231478923932, 41.68465919652954, 47.37416266044602, 52.05356790451333, 62.965640949085355, 66.5717572378926]","[7.1650587799958885, 11.711229260079563, 7.155958640854806, 10.24006810830906, 5.41234440729022, 5.6895034639164805, 4.679405244067311, 10.912073044572026, 3.606116288807243]"
1,breast_cancer,logistic_regression,Optuna (TPE),"[0.8059654911282053, 0.8059654911282053, 0.8059654911282053, 0.8059654911282053, 0.8059654911282053, 0.8059654911282053, 0.8059654911282053, 0.8059654911282053, 0.8059654911282053, 0.8059654911282053, 0.8059654911282053, 0.8059654911282053, 1.143641395684277, 1.143641395684277, 1.143641395684277, 1.143641395684277, 1.143641395684277, 1.143641395684277, 1.143641395684277, 1.143641395684277, 1.143641395684277, 1.143641395684277, 1.143641395684277, 1.143641395684277, 1.143641395684277, 1.143641395684277, 1.1531925903730276, 1.608806951398925, 1.608806951398925, 1.608806951398925]","[0.9789532634852833, 0.9789532634852833, 0.9789532634852833, 0.9789532634852833, 0.9789532634852833, 0.9789532634852833, 0.9789532634852833, 0.9789532634852833, 0.9789532634852833, 0.9789532634852833, 0.9789532634852833, 0.9789532634852833, 0.9804122300506328, 0.9804122300506328, 0.9804122300506328, 0.9804122300506328, 0.9804122300506328, 0.9804122300506328, 0.9804122300506328, 0.9804122300506328, 0.9804122300506328, 0.9804122300506328, 0.9804122300506328, 0.9804122300506328, 0.9804122300506328, 0.9804122300506328, 0.9804122300506328, 0.9816343310429708, 0.9816343310429708, 0.9816343310429708]","[0.9960358836914682, 0.9960358836914682, 0.9960358836914682, 0.9960358836914682, 0.9960358836914682, 0.9960358836914682, 0.9960358836914682, 0.9960358836914682, 0.9960358836914682, 0.9960358836914682, 0.9960358836914682, 0.9960358836914682, 0.9960358836914682, 0.9960358836914682, 0.9960358836914682, 0.9960358836914682, 0.9960358836914682, 0.9960358836914682, 0.9960358836914682, 0.9960358836914682, 0.9960358836914682, 0.9960358836914682, 0.9960358836914682, 0.9960358836914682, 0.9961007647954914, 0.9961007647954914, 0.9961007647954914, 0.9961662741305715, 0.9961662741305715, 0.9961669023616289]","[0.9789532634852833, 0.9691501760650697, 0.9761806527615173, 0.9776942076997297, 0.9704739981260382, 0.9704739981260382, 0.9619309733955876, 0.9748625342603002, 0.9776942076997297, 0.9761806527615173, 0.9789532634852833, 0.9789532634852833, 0.9804122300506328, 0.9804122300506328, 0.9777477968867402, 0.9802163046249444, 0.9777477968867402, 0.9802949710056785, 0.978932628050662, 0.9606516903807162, 0.9790357287200415, 0.9802163046249444, 0.9802949710056785, 0.9804122300506328, 0.978932628050662, 0.9704739981260382, 0.9802741777862659, 0.9816343310429708, 0.9747422350210317, 0.9802741777862659]","[0.9960358836914682, 0.9880769110788764, 0.9922880088454933, 0.9950522904871087, 0.9926714247587158, 0.9926714247587158, 0.9902958881627404, 0.9898556714966803, 0.9950516622560514, 0.9929468715826397, 0.9960358836914682, 0.9960358836914682, 0.9960358836914682, 0.9959036085591931, 0.9951764419419187, 0.995903911843152, 0.9954397357443542, 0.9957080120689685, 0.9957030295467897, 0.9884478490235123, 0.9951184280532462, 0.9959694211782321, 0.9953804653935674, 0.9960358836914682, 0.9961007647954914, 0.992870444025046, 0.9961007647954911, 0.9961662741305715, 0.9932079774079448, 0.9961669023616289]","[0.24301514774560928, 0.5043768086470664, 0.7613005270250142, 1.0187843488529325, 1.2689992347732186, 1.5237263538874686, 1.7740201358683407, 2.0392349334433675, 2.303350459318608, 2.564390506129712, 2.820976421236992, 3.074089413974434, 3.3251866279169917, 3.5761784808710217, 3.825402401853353, 4.079161965753883, 4.331657757982612, 4.581700002308935, 4.831788454204798, 5.0808723461814225, 5.336777616292238, 5.596262298058718, 5.851071404758841, 6.1061609336175025, 6.362742712721229, 6.611496656667441, 6.8608010788448155, 7.109892654698342, 7.366217909846455, 7.617128980811685]","[0.24301514774560928, 0.26136166090145707, 0.2569237183779478, 0.2574838218279183, 0.2502148859202862, 0.25472711911424994, 0.25029378198087215, 0.26521479757502675, 0.26411552587524056, 0.2610400468111038, 0.25658591510728, 0.25311299273744226, 0.2510972139425576, 0.25099185295403004, 0.24922392098233104, 0.25375956390053034, 0.25249579222872853, 0.25004224432632327, 0.2500884518958628, 0.24908389197662473, 0.25590527011081576, 0.2594846817664802, 0.25480910670012236, 0.25508952885866165, 0.25658177910372615, 0.24875394394621253, 0.24930442217737436, 0.2490915758535266, 0.2563252551481128, 0.25091107096523046]"
1,breast_cancer,logistic_regression,AMSCO,"[0.6984484468688756, 0.6984484468688756, 0.6984484468688756, 0.6984484468688756, 0.7166040651010762, 0.7166040651010762, 0.7166040651010762, 0.7166040651010762, 0.7166040651010762]","[0.9802949710056785, 0.9802949710056785, 0.9802949710056785, 0.9802949710056785, 0.9802949710056785, 0.9816343310429708, 0.9816343310429708, 0.9816343310429708, 0.9816343310429708]","[0.9957080120689685, 0.9957080120689685, 0.9957080120689685, 0.9957080120689685, 0.9957080120689685, 0.996100136564434, 0.996100136564434, 0.996100136564434, 0.996100136564434]","[0.9802949710056785, 0.9620896890018134, 0.9704739981260382, 0.9748027398942428, 0.9802949710056785, 0.9816343310429708, 0.9606516903807162, 0.9562735865868601, 0.9748027398942428]","[0.9957080120689685, 0.9897661810657225, 0.9931992471625619, 0.991694655443427, 0.9954459747286475, 0.996100136564434, 0.9887772803920856, 0.9877209856901963, 0.9916285178772896]","[0.24516899324953556, 0.4878409830853343, 0.7296880213543773, 0.9759651962667704, 1.2170697753317654, 1.4668316724710166, 1.7151626665145159, 1.963047245517373, 2.2169757983647287]","[0.24516899324953556, 0.24267198983579874, 0.24184703826904297, 0.2462771749123931, 0.24110457906499505, 0.24976189713925123, 0.24833099404349923, 0.2478845790028572, 0.2539285528473556]"
1,telco,random_forest,Optuna (TPE),"[0.6950963410209766, 0.6950963410209766, 0.6950963410209766, 0.6950963410209766, 0.6950963410209766, 0.6950963410209766, 0.6950963410209766, 0.6950963410209766, 0.6950963410209766, 0.6950963410209766, 0.6950963410209766, 0.6950963410209766, 0.6950963410209766, 0.6971724060538248, 0.7115469852459353, 0.712710200998176, 0.7193590460186233, 0.7221737210253628, 0.7221737210253628, 0.7221737210253628, 0.7221737210253628, 0.7221737210253628, 0.7221737210253628, 0.7221737210253628, 0.7221737210253628, 0.7221737210253628, 0.7229098813415212, 0.7229098813415212, 0.7229098813415212, 0.7229098813415212]","[0.5947742688313278, 0.5947742688313278, 0.5978789358213437, 0.5978789358213437, 0.5978789358213437, 0.5978789358213437, 0.5978789358213437, 0.5978789358213437, 0.5978789358213437, 0.6030925523715972, 0.6030925523715972, 0.6030925523715972, 0.6030925523715972, 0.6030925523715972, 0.6030925523715972, 0.6030925523715972, 0.6030925523715972, 0.6030925523715972, 0.6030925523715972, 0.6030925523715972, 0.6030925523715972, 0.6030925523715972, 0.6030925523715972, 0.6030925523715972, 0.6030925523715972, 0.6030925523715972, 0.6030925523715972, 0.6030925523715972, 0.6030925523715972, 0.6030925523715972]","[0.8117877730208856, 0.8117877730208856, 0.8126066297189641, 0.8126066297189641, 0.8126066297189641, 0.8126066297189641, 0.8126066297189641, 0.8126066297189641, 0.8126066297189641, 0.8185928082185597, 0.8185928082185597, 0.8185928082185597, 0.8185928082185597, 0.8185928082185597, 0.8185928082185597, 0.8185928082185597, 0.8185928082185597, 0.8185928082185597, 0.8185928082185597, 0.8185928082185597, 0.8185928082185597, 0.8185928082185597, 0.8185928082185597, 0.8185928082185597, 0.8185928082185597, 0.8185928082185597, 0.8185928082185597, 0.8185928082185597, 0.8185928082185597, 0.8185928082185597]","[0.5947742688313278, 0.46465581703281744, 0.5978789358213437, 0.5934505783394621, 0.5940390113374279, 0.59036186746679, 0.512303146073976, 0.46465581703281744, 0.5939142792948207, 0.6030925523715972, 0.5970369118130667, 0.5898799328632196, 0.5883320575932434, 0.587134380132045, 0.586161914614992, 0.586161914614992, 0.5838214718869039, 0.585397204984545, 0.5838214718869039, 0.5928805420433927, 0.575256512175556, 0.585397204984545, 0.5736049950221457, 0.585397204984545, 0.5863530681413562, 0.5942438599005646, 0.5852539423392743, 0.5815697659115207, 0.5859569130140059, 0.5928842768580953]","[0.8117877730208856, 0.6134770306785579, 0.8126066297189641, 0.8097393894502277, 0.8115097701742515, 0.8102187937156792, 0.7100616455849583, 0.6134622911798042, 0.810743068976028, 0.8185928082185597, 0.8150434913447485, 0.8084063848933797, 0.8086555440086609, 0.8076509860362282, 0.80812542272186, 0.80812542272186, 0.8086466008544054, 0.809086053282089, 0.8086466008544054, 0.8147689940679509, 0.8031375835489026, 0.8090865699577977, 0.8001543480095306, 0.809086053282089, 0.8075401341459294, 0.8112142653797392, 0.8071699405046706, 0.8080435491473427, 0.8071604169606754, 0.8142111747268261]","[10.687284566927701, 17.423762252088636, 34.041760828346014, 45.700571146328, 57.35263500409201, 70.86911601992324, 80.738824037835, 87.30888088420033, 100.18566356832162, 114.01928500644863, 131.97253517527133, 141.80875534797087, 151.46547349495813, 160.53030359279364, 168.79282615473494, 177.01578574860469, 184.61114610545337, 192.35062119737267, 200.02749866666272, 215.37394444271922, 222.28334004990757, 230.1691405470483, 236.2471201629378, 244.01254777191207, 252.94494777172804, 263.52721436182037, 271.0052954116836, 278.16093671740964, 286.96796772722155, 298.59679410699755]","[10.687284566927701, 6.736477685160935, 16.617998576257378, 11.658810317981988, 11.652063857764006, 13.516481015831232, 9.869708017911762, 6.570056846365333, 12.876782684121281, 13.833621438127011, 17.953250168822706, 9.83622017269954, 9.65671814698726, 9.064830097835511, 8.262522561941296, 8.222959593869746, 7.595360356848687, 7.739475091919303, 7.676877469290048, 15.346445776056498, 6.909395607188344, 7.885800497140735, 6.07797961588949, 7.765427608974278, 8.93239999981597, 10.582266590092331, 7.478081049863249, 7.1556413057260215, 8.807031009811908, 11.628826379776001]"
1,telco,random_forest,AMSCO,"[0.6570086487343059, 0.6570086487343059, 0.6570086487343059, 0.6570086487343059, 0.6570086487343059, 0.7165007200871338, 0.7165007200871338, 0.7165007200871338, 0.7165007200871338, 0.8420662795451029, 0.8420662795451029, 0.8420662795451029, 0.8441563204772566, 0.8441563204772566, 0.8458394035066117, 0.8458394035066117, 0.8458394035066117, 0.8458394035066117, 0.8458394035066117, 0.8458394035066117, 0.8458394035066117]","[0.6219998387034675, 0.6219998387034675, 0.6219998387034675, 0.6219998387034675, 0.6219998387034675, 0.6219998387034675, 0.6219998387034675, 0.6219998387034675, 0.6219998387034675, 0.6219998387034675, 0.6219998387034675, 0.6219998387034675, 0.6219998387034675, 0.6219998387034675, 0.6219998387034675, 0.6219998387034675, 0.6219998387034675, 0.6219998387034675, 0.6219998387034675, 0.6219998387034675, 0.6219998387034675]","[0.8330264659888902, 0.8330264659888902, 0.8330264659888902, 0.8330264659888902, 0.8330264659888902, 0.8330264659888902, 0.8330264659888902, 0.8330264659888902, 0.8330264659888902, 0.8330264659888902, 0.8330264659888902, 0.8330264659888902, 0.8330264659888902, 0.8330264659888902, 0.8330264659888902, 0.8330264659888902, 0.8330264659888902, 0.8330264659888902, 0.8330264659888902, 0.8330264659888902, 0.8330264659888902]","[0.6219998387034675, 0.566408911987577, 0.5307475124982459, 0.5310756862206747, 0.5343196394228734, 0.610584870386299, 0.6093620708493237, 0.5926872141218318, 0.6112926399768218, 0.6150012783171463, 0.6115440826432266, 0.6112622477109865, 0.6138060764286333, 0.6110871586793427, 0.6157242691512206, 0.6161729148512383, 0.6152087146440814, 0.611178165638797, 0.6127535276931231, 0.6100480901751462, 0.6123299108123149]","[0.8330264659888902, 0.776922582286536, 0.727727297686808, 0.729608808756385, 0.7345100543984051, 0.8247225954567954, 0.8232163468604293, 0.8135076487185178, 0.8254136994139488, 0.8258918729297626, 0.8252199822666022, 0.8248072059984419, 0.8258154898521642, 0.8254058441412276, 0.8259445307812069, 0.8258214075206475, 0.825369621466872, 0.8250967283052353, 0.8247571170842021, 0.8247804763510423, 0.8249960696056519]","[19.429531515575945, 27.28518982976675, 38.69312854344025, 51.063126790337265, 68.388243727386, 81.41568918712437, 95.14887645514682, 108.45846280222759, 126.5019489354454, 133.06452581705526, 147.21424264693633, 158.7419233447872, 164.88277233950794, 179.8685260526836, 186.25760649098083, 192.78951081819832, 199.78773073432967, 207.37654431443661, 216.29769822070375, 226.62141382554546, 234.35995164280757]","[19.429531515575945, 7.855658314190805, 11.407938713673502, 12.369998246897012, 17.325116937048733, 13.027445459738374, 13.733187268022448, 13.309586347080767, 18.04348613321781, 6.562576881609857, 14.149716829881072, 11.527680697850883, 6.140848994720727, 14.985753713175654, 6.389080438297242, 6.5319043272174895, 6.998219916131347, 7.588813580106944, 8.921153906267136, 10.32371560484171, 7.738537817262113]"
1,telco,logistic_regression,Optuna (TPE),"[0.7387881888402137, 0.7387881888402137, 0.7387881888402137, 1.355899949087929, 1.355899949087929, 1.355899949087929, 1.355899949087929, 1.355899949087929, 1.355899949087929, 1.355899949087929, 1.355899949087929, 1.5654788329425224, 1.5929152521680097, 1.5929152521680097, 1.695240253481461, 1.695240253481461, 1.695240253481461, 1.695240253481461, 1.695240253481461, 1.695240253481461, 1.695240253481461, 1.695240253481461, 1.8173190727427817, 1.8173190727427817, 1.8173190727427817, 1.8173190727427817, 1.8173190727427817, 1.8173190727427817, 1.8173190727427817, 1.8173190727427817]","[0.6273312981253631, 0.6273312981253631, 0.6273312981253631, 0.6304458732495485, 0.6304458732495485, 0.6304458732495485, 0.6304458732495485, 0.6304458732495485, 0.6304458732495485, 0.6304458732495485, 0.6304458732495485, 0.6318226331754584, 0.6321155262623949, 0.6321155262623949, 0.6327493081823865, 0.6327493081823865, 0.6327493081823865, 0.6327493081823865, 0.6327493081823865, 0.6327493081823865, 0.6327493081823865, 0.6327493081823865, 0.6336333493244852, 0.6336333493244852, 0.6336333493244852, 0.6336333493244852, 0.6336333493244852, 0.6336333493244852, 0.6336333493244852, 0.6336333493244852]","[0.8435141570705478, 0.8435141570705478, 0.8438981507204725, 0.8446247764701745, 0.8446247764701745, 0.8446247764701745, 0.8446247764701745, 0.8446247764701745, 0.8446247764701745, 0.8446247764701745, 0.8446247764701745, 0.8446247764701745, 0.8446247764701745, 0.8446247764701745, 0.8446247764701745, 0.8446247764701745, 0.8446247764701745, 0.8446247764701745, 0.8446247764701745, 0.8446247764701745, 0.8446247764701745, 0.8446247764701745, 0.8446247764701745, 0.8446247764701745, 0.8446247764701745, 0.8446247764701745, 0.8446247764701745, 0.8446247764701745, 0.8446247764701745, 0.8446247764701745]","[0.6273312981253631, 0.6163750303589133, 0.6220640270022334, 0.6304458732495485, 0.6274093114070565, 0.6274093114070565, 0.6200958905225169, 0.6199568227590312, 0.6294421468509921, 0.6220771972243465, 0.6272442438376004, 0.6318226331754584, 0.6321155262623949, 0.6266054307386011, 0.6327493081823865, 0.627965680470044, 0.6219030078412879, 0.63073856380477, 0.6272181569103987, 0.631721049211437, 0.6212433812529079, 0.6299078045925521, 0.6336333493244852, 0.6291089122741054, 0.6258552179192893, 0.6273792219898487, 0.632732280344926, 0.6258456861319486, 0.6274615777414541, 0.6294559010839949]","[0.8435141570705478, 0.8420608939149208, 0.8438981507204725, 0.8446247764701745, 0.8426611408066886, 0.8426606245167969, 0.8409627090351647, 0.8426254555329689, 0.8446211517452331, 0.8441075154320142, 0.8436983291438468, 0.8445807393393023, 0.8443029511206916, 0.8434314008677065, 0.8442822693991612, 0.8433532732222175, 0.8437487495752112, 0.8441136500454312, 0.8433325784271233, 0.8441519323714166, 0.8429728265042382, 0.8446201131250053, 0.8441902143557934, 0.8439967731069948, 0.8443038835234047, 0.8437697186833872, 0.8444544577540947, 0.8432187482921787, 0.8435508917539701, 0.8444909645765126]","[2.047184458002448, 4.63580736098811, 7.093703293707222, 9.377398939803243, 11.372240308206528, 13.38669189112261, 15.38959482870996, 18.005174405872822, 20.31544693885371, 22.782026266679168, 24.887401232495904, 27.19285207055509, 29.41422924445942, 31.49373490922153, 33.706103331409395, 35.75186010636389, 38.22183386050165, 40.39843829162419, 42.42602352099493, 44.61436640704051, 47.18492418015376, 49.48452165350318, 51.69858926953748, 53.83968459814787, 56.29997074184939, 58.4128522076644, 60.650396689772606, 62.68212390365079, 64.78057773876935, 67.1762625714764]","[2.047184458002448, 2.588622902985662, 2.4578959327191114, 2.283695646096021, 1.9948413684032857, 2.014451582916081, 2.0029029375873506, 2.615579577162862, 2.310272532980889, 2.466579327825457, 2.105374965816736, 2.305450838059187, 2.2213771739043295, 2.0795056647621095, 2.212368422187865, 2.045756774954498, 2.4699737541377544, 2.1766044311225414, 2.027585229370743, 2.188342886045575, 2.5705577731132507, 2.299597473349422, 2.214067616034299, 2.1410953286103904, 2.4602861437015235, 2.1128814658150077, 2.2375444821082056, 2.0317272138781846, 2.098453835118562, 2.3956848327070475]"
1,telco,logistic_regression,AMSCO,"[0.31921201047690617, 0.3656846404063532, 0.3656846404063532, 0.6634156235583368, 0.6634156235583368, 0.6634156235583368, 0.6634156235583368, 0.6634156235583368, 0.6634156235583368]","[0.6213485116712694, 0.6231643041344814, 0.6231643041344814, 0.6324366783421975, 0.6324366783421975, 0.6324366783421975, 0.6324366783421975, 0.6324366783421975, 0.6324366783421975]","[0.8440108496994355, 0.8441400700688014, 0.8441400700688014, 0.8442817512243936, 0.8443596812553095, 0.8443596812553095, 0.8443596812553095, 0.8443596812553095, 0.8443596812553095]","[0.6213485116712694, 0.6231643041344814, 0.6148513090134611, 0.6324366783421975, 0.6255760481397002, 0.6272799208836746, 0.6187180984754809, 0.6179049164471742, 0.6224278112217583]","[0.8440108496994355, 0.8441400700688014, 0.8418980185056018, 0.8442817512243936, 0.8443596812553095, 0.8437531641690026, 0.8400458737415285, 0.8392877695281044, 0.8434608478343796]","[2.4270204417407513, 4.8744962476193905, 7.471738044638187, 9.688488201703876, 12.087005937471986, 14.247066631447524, 16.24937792075798, 18.204102989751846, 20.703192748129368]","[2.4270204417407513, 2.447475805878639, 2.597241797018796, 2.2167501570656896, 2.3985177357681096, 2.160060693975538, 2.0023112893104553, 1.9547250689938664, 2.4990897583775222]"
2,breast_cancer,random_forest,Optuna (TPE),"[-0.02734349187907352, 0.1784033059682386, 0.7658562200303163, 0.7658562200303163, 0.7658562200303163, 0.7658562200303163, 0.9170333474788165, 0.9170333474788165, 0.9170333474788165, 0.9170333474788165, 0.9170333474788165, 0.9170333474788165, 0.9170333474788165, 0.9170333474788165, 0.9170333474788165, 0.9170333474788165, 0.9170333474788165, 0.9170333474788165, 0.9170333474788165, 1.0778351045739456, 1.0778351045739456, 1.0778351045739456, 1.0778351045739456, 1.0778351045739456, 1.0778351045739456, 1.0778351045739456, 1.0778351045739456, 1.0778351045739456, 1.2718440133143227, 1.2718440133143227]","[0.9659559058451777, 0.9692343802649648, 0.972092246247732, 0.972092246247732, 0.972092246247732, 0.972092246247732, 0.972092246247732, 0.972092246247732, 0.972092246247732, 0.9721860980164607, 0.9721860980164607, 0.9721860980164607, 0.9721860980164607, 0.9721860980164607, 0.9721860980164607, 0.9721860980164607, 0.9721860980164607, 0.9721860980164607, 0.9721860980164607, 0.9721860980164607, 0.9721860980164607, 0.9721860980164607, 0.9721860980164607, 0.9721860980164607, 0.9721860980164607, 0.9721860980164607, 0.9721860980164607, 0.9721860980164607, 0.9721860980164607, 0.9721860980164607]","[0.9893504220846179, 0.9893504220846179, 0.991471070176442, 0.991471070176442, 0.991471070176442, 0.991471070176442, 0.991809188464118, 0.991809188464118, 0.991809188464118, 0.991809188464118, 0.9921414143777394, 0.9921414143777394, 0.9921414143777394, 0.9921414143777394, 0.9921414143777394, 0.9921414143777394, 0.9921414143777394, 0.9921414143777394, 0.9921414143777394, 0.9929902845150143, 0.9929902845150143, 0.9929902845150143, 0.9929902845150143, 0.9929902845150143, 0.9929902845150143, 0.9929902845150143, 0.9929902845150143, 0.9929902845150143, 0.9929968267832663, 0.9929968267832663]","[0.9659559058451777, 0.9692343802649648, 0.972092246247732, 0.9704407194951902, 0.964741762278087, 0.9659480118920628, 0.970595508149465, 0.9705896922838452, 0.9674159518880016, 0.9721860980164607, 0.9663410496092922, 0.9678076620203443, 0.9651970265881588, 0.9634285566090212, 0.9652413460487995, 0.9664313717482141, 0.9666297764610838, 0.9691302883783981, 0.9678196640435717, 0.9678697502427613, 0.9678571962978527, 0.9679117539069109, 0.9692343802649648, 0.9665651188011436, 0.9691923766008153, 0.9664103463373144, 0.9660387215801673, 0.969198192466435, 0.9705521279605666, 0.9673156572049291]","[0.9893504220846179, 0.9888886722574899, 0.991471070176442, 0.9908159551624995, 0.9900457872125085, 0.9906961796619511, 0.991809188464118, 0.9884472641187347, 0.9906253845207333, 0.9909655824698405, 0.9921414143777394, 0.9912158567251919, 0.9907766365635673, 0.9907494709861234, 0.9908200061696621, 0.9911450399208344, 0.9908137888485088, 0.9918095134112166, 0.9895188746605387, 0.9929902845150143, 0.9916731872717788, 0.9920662432822602, 0.9920662432822602, 0.9927276189436359, 0.9886868367829716, 0.9915368611323409, 0.9896133909399548, 0.9915390057831918, 0.9929968267832663, 0.9893472809293314]","[7.163622106891125, 11.331204460933805, 23.012746308930218, 30.815768789034337, 38.8352943980135, 48.39425342716277, 54.88227024348453, 58.84231976326555, 67.6903415103443, 77.18098940933123, 83.14294074568897, 95.65810477128252, 108.71696640597656, 119.92051349300891, 126.06869296729565, 137.01125825429335, 142.9537970814854, 154.08736978750676, 164.31339623546228, 169.12861952604726, 173.95198535081, 180.74808746296912, 187.68886522902176, 192.55571141978726, 197.42779313167557, 202.43748384574428, 207.86799883982167, 211.7457199166529, 216.2466610893607, 220.68589308066294]","[7.163622106891125, 4.167582354042679, 11.681541847996414, 7.803022480104119, 8.019525608979166, 9.558959029149264, 6.48801681632176, 3.9600495197810233, 8.848021747078747, 9.490647898986936, 5.9619513363577425, 12.515164025593549, 13.05886163469404, 11.203547087032348, 6.148179474286735, 10.942565286997706, 5.942538827192038, 11.133572706021369, 10.226026447955519, 4.815223290584981, 4.823365824762732, 6.796102112159133, 6.9407777660526335, 4.8668461907655, 4.872081711888313, 5.009690714068711, 5.4305149940773845, 3.8777210768312216, 4.500941172707826, 4.439231991302222]"
2,breast_cancer,random_forest,AMSCO,"[0.5473647431550712, 0.5473647431550712, 0.5473647431550712, 0.5473647431550712, 0.5473647431550712, 0.5473647431550712, 0.5473647431550712, 0.5505974235523835, 0.5536835020943371, 0.5536835020943371, 0.5536835020943371, 0.5536835020943371, 0.5536835020943371, 0.5536835020943371, 0.5536835020943371, 0.5536835020943371, 0.5536835020943371, 0.5536835020943371, 0.5536835020943371]","[0.9692343802649648, 0.9692343802649648, 0.9692343802649648, 0.9692343802649648, 0.9692343802649648, 0.9692343802649648, 0.9692343802649648, 0.9692343802649648, 0.9692343802649648, 0.9692343802649648, 0.9705576492986057, 0.9705576492986057, 0.9705576492986057, 0.9705576492986057, 0.9705576492986057, 0.9705576492986057, 0.9705576492986057, 0.9705576492986057, 0.9705576492986057]","[0.9923314217778678, 0.9923314217778678, 0.9923314217778678, 0.9923314217778678, 0.9923314217778678, 0.9923314217778678, 0.9923314217778678, 0.9927984357479935, 0.9927984357479935, 0.9927984357479935, 0.9927984357479935, 0.9927984357479935, 0.9927984357479935, 0.9927984357479935, 0.9927984357479935, 0.9927984357479935, 0.9927984357479935, 0.9927984357479935, 0.9927984357479935]","[0.9692343802649648, 0.9676508800860031, 0.9648125504909826, 0.9646771363176858, 0.9634892814573417, 0.9690777708586122, 0.966170180840926, 0.9677700976970657, 0.9692343802649648, 0.9692343802649648, 0.9705576492986057, 0.9646771363176858, 0.9705325121606343, 0.9664103463373144, 0.9692343802649648, 0.9662843360920675, 0.9649589434715422, 0.9679117539069109, 0.9679117539069109]","[0.9923314217778678, 0.9912785715152239, 0.989511054267032, 0.9905645110975932, 0.9897752795844837, 0.9912769901060108, 0.9896832762292966, 0.9927984357479935, 0.9923298620317945, 0.9916086094517146, 0.9920032252082696, 0.9904360053516621, 0.990241665323552, 0.9926621096085558, 0.9922659124427877, 0.9908200061696621, 0.991020260234967, 0.9921330090794551, 0.9918706467920355]","[6.607146243099123, 18.725573498755693, 29.098820987623185, 38.60198083566502, 50.950255242642015, 62.154056219384074, 73.15687313210219, 78.39307348523289, 84.68063620105386, 94.51243475079536, 102.45059810951352, 114.50122190546244, 124.31659149751067, 129.3324752431363, 135.88514689728618, 145.95754328230396, 149.97926202742383, 156.7514608562924, 166.04627498425543]","[6.607146243099123, 12.11842725565657, 10.373247488867491, 9.503159848041832, 12.348274406976998, 11.203800976742059, 11.002816912718117, 5.236200353130698, 6.287562715820968, 9.831798549741507, 7.938163358718157, 12.050623795948923, 9.815369592048228, 5.015883745625615, 6.55267165414989, 10.072396385017782, 4.02171874511987, 6.772198828868568, 9.294814127963036]"
2,breast_cancer,logistic_regression,Optuna (TPE),"[0.7630228773113852, 0.7630228773113852, 0.7630228773113852, 0.7630228773113852, 0.7630228773113852, 0.7630228773113852, 0.7630228773113852, 0.7630228773113852, 0.7630228773113852, 0.7630228773113852, 0.8349866933118983, 0.8349866933118983, 0.8461153525373712, 0.8497727208788289, 0.8497727208788289, 0.8497727208788289, 0.8497727208788289, 0.8497727208788289, 0.8497727208788289, 0.8497727208788289, 0.8497727208788289, 0.8497727208788289, 0.8497727208788289, 0.8497727208788289, 0.8655680414883631, 0.8655680414883631, 0.8655680414883631, 0.8655680414883631, 0.8968468757030283, 0.8968468757030283]","[0.9789532634852833, 0.9789532634852833, 0.9789532634852833, 0.9789532634852833, 0.9789532634852833, 0.9789532634852833, 0.9789532634852833, 0.9789532634852833, 0.9789532634852833, 0.9789532634852833, 0.9789532634852833, 0.9789532634852833, 0.9804122300506328, 0.9804122300506328, 0.9804122300506328, 0.9804122300506328, 0.9804122300506328, 0.9804122300506328, 0.9804122300506328, 0.9804122300506328, 0.9804122300506328, 0.9804122300506328, 0.9804122300506328, 0.9804122300506328, 0.9816343310429708, 0.9816343310429708, 0.9816343310429708, 0.9816343310429708, 0.9816343310429708, 0.9816343310429708]","[0.9960358836914682, 0.9960358836914682, 0.9960358836914682, 0.9960358836914682, 0.9960358836914682, 0.9960358836914682, 0.9960358836914682, 0.9960358836914682, 0.9960358836914682, 0.9960358836914682, 0.9960358836914682, 0.9960358836914682, 0.9960358836914682, 0.9960358836914682, 0.9960358836914682, 0.9960358836914682, 0.9960358836914682, 0.9960358836914682, 0.9960358836914682, 0.9960358836914682, 0.9960358836914682, 0.9960358836914682, 0.9961007647954914, 0.9961007647954914, 0.99610106807945, 0.99610106807945, 0.99610106807945, 0.99610106807945, 0.99610106807945, 0.99610106807945]","[0.9789532634852833, 0.9691501760650697, 0.9761806527615173, 0.9776942076997297, 0.9704739981260382, 0.9704739981260382, 0.9619309733955876, 0.9748625342603002, 0.9776942076997297, 0.9761806527615173, 0.9789532634852833, 0.9789532634852833, 0.9804122300506328, 0.9804122300506328, 0.9777477968867402, 0.9802163046249444, 0.9777477968867402, 0.9802949710056785, 0.978932628050662, 0.9606516903807162, 0.9790357287200415, 0.9788152112209163, 0.978932628050662, 0.9704739981260382, 0.9816343310429708, 0.9802163046249444, 0.980433933727127, 0.9761806527615173, 0.9816343310429708, 0.9802949710056785]","[0.9960358836914682, 0.9880769110788764, 0.9922880088454933, 0.9950522904871087, 0.9926714247587158, 0.9926714247587158, 0.9902958881627404, 0.9898556714966803, 0.9950516622560514, 0.9929468715826397, 0.9960358836914682, 0.9960358836914682, 0.9960358836914682, 0.9959036085591931, 0.9951764419419187, 0.9959694211782321, 0.9954397357443542, 0.9957080120689685, 0.9957030295467897, 0.9884478490235123, 0.9951184280532462, 0.9960358836914682, 0.9961007647954914, 0.9926043556775623, 0.99610106807945, 0.995903911843152, 0.9953155842895443, 0.99301238091772, 0.9960339989982965, 0.9953804653935674]","[0.25263118790462613, 0.51773951202631, 0.7779129380360246, 1.0332656190730631, 1.2830394823104143, 1.5398400709964335, 1.795516291167587, 2.058596192393452, 2.318114184308797, 2.5771216424182057, 2.8278152905404568, 3.083932276815176, 3.339298825711012, 3.595442538615316, 3.8513707886449993, 4.109835763461888, 4.366242891643196, 4.624593487475067, 4.879367335233837, 5.1347794574685395, 5.3965465244837105, 5.654397334437817, 5.908529711421579, 6.164648093283176, 6.424842951353639, 6.685453267302364, 6.9463406363502145, 7.2147350972518325, 7.4731156360358, 7.738393630832434]","[0.25263118790462613, 0.26510832412168384, 0.2601734260097146, 0.25535268103703856, 0.24977386323735118, 0.2568005886860192, 0.25567622017115355, 0.2630799012258649, 0.2595179919153452, 0.2590074581094086, 0.25069364812225103, 0.25611698627471924, 0.2553665488958359, 0.25614371290430427, 0.2559282500296831, 0.25846497481688857, 0.2564071281813085, 0.25835059583187103, 0.25477384775877, 0.2554121222347021, 0.26176706701517105, 0.2578508099541068, 0.2541323769837618, 0.2561183818615973, 0.26019485807046294, 0.26061031594872475, 0.26088736904785037, 0.268394460901618, 0.2583805387839675, 0.2652779947966337]"
2,breast_cancer,logistic_regression,AMSCO,"[0.4345928536660595, 0.4345928536660595, 0.6513497242373133, 0.6513497242373133, 0.6513497242373133, 0.6840403239748928, 0.6840403239748928, 0.7531106233918243, 0.7531106233918243, 0.7531106233918243, 0.7531106233918243, 0.7531106233918243, 0.7531106233918243, 0.7531106233918243, 0.7531106233918243, 0.7531106233918243]","[0.9761806527615173, 0.9761806527615173, 0.9790357287200415, 0.9790357287200415, 0.9790357287200415, 0.980433933727127, 0.980433933727127, 0.980433933727127, 0.980433933727127, 0.980433933727127, 0.980433933727127, 0.980433933727127, 0.980433933727127, 0.980433933727127, 0.980433933727127, 0.980433933727127]","[0.9923519584345002, 0.9923519584345002, 0.9950522904871087, 0.9950522904871087, 0.9950522904871087, 0.9953155842895443, 0.9953155842895443, 0.9960358836914682, 0.9960358836914682, 0.9961013930265485, 0.9961013930265485, 0.9961013930265485, 0.9961013930265485, 0.9961013930265485, 0.9961013930265485, 0.9961013930265485]","[0.9761806527615173, 0.9619309733955876, 0.9790357287200415, 0.9748625342603002, 0.9706285498539019, 0.980433933727127, 0.9761806527615173, 0.9789532634852833, 0.978932628050662, 0.9802741777862659, 0.9562735865868601, 0.9748027398942428, 0.980433933727127, 0.9678283369846099, 0.973444234250451, 0.9747422350210317]","[0.9923519584345002, 0.9902958881627404, 0.9950522904871087, 0.9901829148881228, 0.9882749988301903, 0.9953155842895443, 0.9929468715826397, 0.9960358836914682, 0.9957030295467897, 0.9961013930265485, 0.9877209856901963, 0.991694655443427, 0.9953155842895443, 0.9873550519308789, 0.9905765991296617, 0.9934712712103803]","[0.2526505743153393, 0.4972591223195195, 0.7475898852571845, 1.0018803114071488, 1.2608171673491597, 1.5141631863079965, 1.768173129297793, 2.0171472053043544, 2.2696666549891233, 2.522208189126104, 2.767555912025273, 3.022821167949587, 3.281422035768628, 3.5487406067550182, 3.8070944668725133, 4.061306045856327]","[0.2526505743153393, 0.2446085480041802, 0.250330762937665, 0.25429042614996433, 0.2589368559420109, 0.2533460189588368, 0.2540099429897964, 0.24897407600656152, 0.2525194496847689, 0.25254153413698077, 0.24534772289916873, 0.25526525592431426, 0.258600867819041, 0.2673185709863901, 0.25835386011749506, 0.2542115789838135]"
2,telco,random_forest,Optuna (TPE),"[0.31361702792749946, 0.31361702792749946, 0.31361702792749946, 0.31361702792749946, 0.31361702792749946, 0.31361702792749946, 0.31361702792749946, 0.31361702792749946, 0.31361702792749946, 0.31361702792749946, 0.31361702792749946, 0.31361702792749946, 0.5994419159853159, 0.5994419159853159, 0.5994419159853159, 0.6087163412006275, 0.6465374062830692, 0.6465374062830692, 0.6465374062830692, 0.6465374062830692, 0.6465374062830692, 0.6481918255375458, 0.6850594280431067, 0.6850594280431067, 0.7122672794872503, 0.7122672794872503, 0.7122672794872503, 0.7122672794872503, 0.7122672794872503, 0.7122672794872503]","[0.5947742688313278, 0.5947742688313278, 0.5978789358213437, 0.5978789358213437, 0.5978789358213437, 0.5978789358213437, 0.5978789358213437, 0.5978789358213437, 0.5978789358213437, 0.6030925523715972, 0.6030925523715972, 0.6030925523715972, 0.6148037527132383, 0.6148037527132383, 0.6148037527132383, 0.6148037527132383, 0.6148037527132383, 0.6148037527132383, 0.6148037527132383, 0.6148037527132383, 0.6148037527132383, 0.6148037527132383, 0.6148037527132383, 0.6148037527132383, 0.6185633945296831, 0.6185633945296831, 0.6185633945296831, 0.6185633945296831, 0.6185633945296831, 0.6185633945296831]","[0.8117877730208856, 0.8117877730208856, 0.8126066297189641, 0.8126066297189641, 0.8126066297189641, 0.8126066297189641, 0.8126066297189641, 0.8126066297189641, 0.8126066297189641, 0.8185928082185597, 0.8185928082185597, 0.8185928082185597, 0.8290707263249759, 0.8290707263249759, 0.8290707263249759, 0.8290707263249759, 0.8290707263249759, 0.8290707263249759, 0.8290707263249759, 0.8290707263249759, 0.8290707263249759, 0.8290707263249759, 0.8290707263249759, 0.8290707263249759, 0.8290707263249759, 0.8290707263249759, 0.8290707263249759, 0.8290707263249759, 0.8290707263249759, 0.8290707263249759]","[0.5947742688313278, 0.46465581703281744, 0.5978789358213437, 0.5934505783394621, 0.5940390113374279, 0.59036186746679, 0.512303146073976, 0.46465581703281744, 0.5939142792948207, 0.6030925523715972, 0.5970369118130667, 0.5921865040987457, 0.6148037527132383, 0.5877678182498521, 0.5911334448248552, 0.6124947358200656, 0.613347406636584, 0.6139934773462989, 0.613347406636584, 0.5924846400901684, 0.611570038203815, 0.6141368575342427, 0.6122191109251339, 0.593890921513854, 0.6185633945296831, 0.607204577951203, 0.591056395809609, 0.614795991381823, 0.5880246995338043, 0.6137877918759557]","[0.8117877730208856, 0.6134770306785579, 0.8126066297189641, 0.8097393894502277, 0.8115097701742515, 0.8102187937156792, 0.7100616455849583, 0.6134622911798042, 0.810743068976028, 0.8185928082185597, 0.8150434913447485, 0.8146409985886299, 0.8290707263249759, 0.8085032103253209, 0.813055102172226, 0.826305915935027, 0.8268648706660713, 0.8268680974022043, 0.8268648706660713, 0.815763404544178, 0.8240640111516848, 0.8270150811518754, 0.8250135549821618, 0.811361580091253, 0.8280904648796378, 0.8192493998146085, 0.8131514417576344, 0.8279427198879212, 0.8135115149969419, 0.8241117930206443]","[11.030460295733064, 18.01363867195323, 35.28224367182702, 47.27127722185105, 59.44238561484963, 73.6053749518469, 83.87859411770478, 90.59931674739346, 103.9750788253732, 118.06082748062909, 136.53931252844632, 152.16221868339926, 162.35843329830095, 171.7076471541077, 181.21074515674263, 190.1372501165606, 198.2455109935254, 206.7255011224188, 214.8697196324356, 222.69015637924895, 233.95860551623628, 242.1960582025349, 248.60700665367767, 254.88638565363362, 262.35281352652237, 268.6288162614219, 275.6830050116405, 284.7308572907932, 292.003551220987, 302.70297405682504]","[11.030460295733064, 6.983178376220167, 17.268604999873787, 11.989033550024033, 12.171108392998576, 14.16298933699727, 10.273219165857881, 6.72072262968868, 13.375762077979743, 14.085748655255884, 18.47848504781723, 15.622906154952943, 10.196214614901692, 9.349213855806738, 9.503098002634943, 8.926504959817976, 8.108260876964778, 8.479990128893405, 8.144218510016799, 7.820436746813357, 11.268449136987329, 8.237452686298639, 6.410948451142758, 6.279378999955952, 7.466427872888744, 6.276002734899521, 7.0541887502186, 9.047852279152721, 7.272693930193782, 10.69942283583805]"
2,telco,random_forest,AMSCO,"[0.2545796672806901, 0.2545796672806901, 0.6702931740130206, 0.6702931740130206, 0.6702931740130206, 0.6702931740130206, 0.6702931740130206, 0.6702931740130206, 0.6718382094412411, 0.6718382094412411, 0.6718382094412411, 0.6718382094412411, 0.6718382094412411, 0.6718382094412411, 0.6718382094412411, 0.6718382094412411, 0.6718382094412411]","[0.5285183154862712, 0.5343196394228734, 0.6066929144293554, 0.6066929144293554, 0.6066929144293554, 0.6066929144293554, 0.6066929144293554, 0.6066929144293554, 0.6066929144293554, 0.6066929144293554, 0.6066929144293554, 0.6066929144293554, 0.6066929144293554, 0.6066929144293554, 0.6066929144293554, 0.6066929144293554, 0.6066929144293554]","[0.731329022562849, 0.7345100543984051, 0.8151882809970139, 0.8151882809970139, 0.8151882809970139, 0.8169231405808948, 0.8169231405808948, 0.8169231405808948, 0.8169231405808948, 0.8184403696680637, 0.8184403696680637, 0.8184403696680637, 0.8184403696680637, 0.8184403696680637, 0.8184403696680637, 0.8184403696680637, 0.8184403696680637]","[0.5285183154862712, 0.5343196394228734, 0.6066929144293554, 0.5015827075390608, 0.534540527128506, 0.6022080197648916, 0.5937615804985233, 0.5961856014019574, 0.6041751700583651, 0.6013759846817555, 0.6027656137057008, 0.5015871681117879, 0.5284364787044902, 0.596863429424243, 0.6051039732100454, 0.46465581703281744, 0.4651570226710618]","[0.731329022562849, 0.7345100543984051, 0.8151882809970139, 0.6814465924972914, 0.7414491821513858, 0.8169231405808948, 0.8133664533063062, 0.8108128514237235, 0.8145250373837445, 0.8184403696680637, 0.8158284805216269, 0.684177475708444, 0.7273405611706417, 0.809930867581311, 0.8147158265987008, 0.6134770306785579, 0.6155192430481732]","[13.686373335309327, 31.979086624458432, 41.654468996450305, 50.24034356465563, 67.17811760865152, 85.17482381360605, 100.01024780189618, 107.75530625786632, 116.85757714184001, 130.70201840577647, 141.90776429278776, 150.70222820760682, 163.95010816957802, 171.43209202960134, 180.86390546523035, 188.02872022334486, 194.61808696761727]","[13.686373335309327, 18.292713289149106, 9.675382371991873, 8.585874568205327, 16.937774043995887, 17.996706204954535, 14.835423988290131, 7.745058455970138, 9.102270883973688, 13.84444126393646, 11.20574588701129, 8.794463914819062, 13.247879961971194, 7.48198386002332, 9.43181343562901, 7.164814758114517, 6.589366744272411]"
2,telco,logistic_regression,Optuna (TPE),"[0.6045862010935472, 0.6045862010935472, 0.6045862010935472, 1.4835847793822357, 1.4835847793822357, 1.4835847793822357, 1.4835847793822357, 1.4835847793822357, 1.4835847793822357, 1.4835847793822357, 1.4835847793822357, 1.7025696934522716, 1.7025696934522716, 1.7025696934522716, 1.7699422255616384, 1.7699422255616384, 1.7699422255616384, 1.7699422255616384, 1.7699422255616384, 1.7699422255616384, 1.7699422255616384, 1.7699422255616384, 1.7699422255616384, 1.7699422255616384, 1.7699422255616384, 1.7699422255616384, 1.7699422255616384, 1.7699422255616384, 1.7699422255616384, 1.7699422255616384]","[0.6273312981253631, 0.6273312981253631, 0.6273312981253631, 0.6304458732495485, 0.6304458732495485, 0.6304458732495485, 0.6304458732495485, 0.6304458732495485, 0.6304458732495485, 0.6304458732495485, 0.6304458732495485, 0.6318226331754584, 0.6321155262623949, 0.6321155262623949, 0.6327493081823865, 0.6327493081823865, 0.6327493081823865, 0.6327493081823865, 0.6327493081823865, 0.6327493081823865, 0.6327493081823865, 0.6327493081823865, 0.6327493081823865, 0.6327493081823865, 0.6327493081823865, 0.6327493081823865, 0.6327493081823865, 0.6327493081823865, 0.6327493081823865, 0.6327493081823865]","[0.8435141570705478, 0.8435141570705478, 0.8438981507204725, 0.8446247764701745, 0.8446247764701745, 0.8446247764701745, 0.8446247764701745, 0.8446247764701745, 0.8446247764701745, 0.8446247764701745, 0.8446247764701745, 0.8446247764701745, 0.8446247764701745, 0.8446247764701745, 0.8446247764701745, 0.8446247764701745, 0.8446247764701745, 0.8446247764701745, 0.8446247764701745, 0.8446247764701745, 0.8446247764701745, 0.8446247764701745, 0.8446247764701745, 0.8446247764701745, 0.8446247764701745, 0.8446247764701745, 0.8446247764701745, 0.8446247764701745, 0.8446247764701745, 0.8446247764701745]","[0.6273312981253631, 0.6163750303589133, 0.6220640270022334, 0.6304458732495485, 0.6274093114070565, 0.6274093114070565, 0.6200958905225169, 0.6199568227590312, 0.6294421468509921, 0.6220771972243465, 0.6272442438376004, 0.6318226331754584, 0.6321155262623949, 0.6266054307386011, 0.6327493081823865, 0.621854442947742, 0.6277181328304219, 0.63073856380477, 0.6288684318628385, 0.6208012609195941, 0.6271954026766212, 0.6311874921799238, 0.6314870906739085, 0.6277678744904629, 0.6271848001299233, 0.6319616538154678, 0.6223745429766234, 0.6277054904904662, 0.632158681324057, 0.6270044185182702]","[0.8435141570705478, 0.8420608939149208, 0.8438981507204725, 0.8446247764701745, 0.8426611408066886, 0.8426606245167969, 0.8409627090351647, 0.8426254555329689, 0.8446211517452331, 0.8441075154320142, 0.8436983291438468, 0.8445807393393023, 0.8443029511206916, 0.8434314008677065, 0.8442822693991612, 0.8438914273961311, 0.8433124319514155, 0.8441136500454312, 0.8445870738044938, 0.8428864840268527, 0.8433403343057948, 0.8440820991271852, 0.8445630799875374, 0.8438431584361116, 0.844404114139128, 0.8444006741320284, 0.8432489117555232, 0.8435855664140124, 0.8443913563034198, 0.8434531240682602]","[2.0737694706767797, 4.696303203701973, 7.282164776697755, 9.603781621903181, 11.617130652070045, 13.635008668992668, 15.639087410178035, 18.260851157829165, 20.582012619823217, 23.053948898799717, 25.183032670989633, 27.49203738803044, 29.72765134740621, 31.807781973388046, 34.03490693913773, 36.556443088687956, 38.6062729684636, 40.8047683686018, 43.15649740770459, 45.70439836895093, 47.74633903708309, 49.94630741002038, 52.22555777197704, 54.377072548959404, 56.79978754231706, 59.0583999203518, 61.58804920408875, 63.722846255172044, 66.10684477724135, 68.19932805420831]","[2.0737694706767797, 2.622533733025193, 2.585861572995782, 2.321616845205426, 2.0133490301668644, 2.017878016922623, 2.004078741185367, 2.62176374765113, 2.321161461994052, 2.4719362789765, 2.129083772189915, 2.309004717040807, 2.235613959375769, 2.0801306259818375, 2.227124965749681, 2.5215361495502293, 2.0498298797756433, 2.1984954001381993, 2.3517290391027927, 2.5479009612463415, 2.041940668132156, 2.199968372937292, 2.279250361956656, 2.151514776982367, 2.4227149933576584, 2.2586123780347407, 2.529649283736944, 2.1347970510832965, 2.383998522069305, 2.0924832769669592]"
2,telco,logistic_regression,AMSCO,"[0.47579374612908776, 0.49601621778759586, 0.6693910440224865, 0.6693910440224865, 0.6693910440224865, 0.6807571050230062, 0.6807571050230062, 0.6807571050230062, 0.6807571050230062, 0.6807571050230062, 0.6807571050230062, 0.6807571050230062]","[0.6261064378983041, 0.6266545019678296, 0.6318184660771553, 0.6318184660771553, 0.6318184660771553, 0.6325127944845098, 0.6325127944845098, 0.6325127944845098, 0.6325127944845098, 0.6325127944845098, 0.6325127944845098, 0.6325127944845098]","[0.8432477323844954, 0.8432818810328658, 0.8443029552762603, 0.8443029552762603, 0.8443029552762603, 0.8444549735443001, 0.8444549735443001, 0.8444549735443001, 0.8444549735443001, 0.8444549735443001, 0.8444549735443001, 0.8444549735443001]","[0.6261064378983041, 0.6266545019678296, 0.6318184660771553, 0.6197994718473147, 0.6248113310055317, 0.6325127944845098, 0.6220771972243465, 0.6276868086063926, 0.6179049164471742, 0.6220739593503773, 0.6206442398339054, 0.6319796658314336]","[0.8432477323844954, 0.8432818810328658, 0.8443029552762603, 0.840325128964307, 0.8420596700731456, 0.8444549735443001, 0.8441100996960598, 0.8434908886307483, 0.8392877695281044, 0.843453101898529, 0.8429019908382387, 0.8443918797912066]","[2.0371035379357636, 4.065746944863349, 6.292758191935718, 8.265617254655808, 10.26973219262436, 12.575998567510396, 15.090671621728688, 17.213236924726516, 19.177855864632875, 21.703898281790316, 24.24877935880795, 26.494936608243734]","[2.0371035379357636, 2.0286434069275856, 2.227011247072369, 1.9728590627200902, 2.004114937968552, 2.306266374886036, 2.5146730542182922, 2.1225653029978275, 1.9646189399063587, 2.5260424171574414, 2.544881077017635, 2.2461572494357824]"
3,breast_cancer,random_forest,Optuna (TPE),"[-1.3155304456392967, -1.137519334703596, 0.20043300690450389, 0.20043300690450389, 0.20043300690450389, 0.20043300690450389, 0.5319577973117672, 0.5319577973117672, 0.5319577973117672, 0.5319577973117672, 0.5319577973117672, 0.5319577973117672, 0.5319577973117672, 0.9020570354858338, 0.9020570354858338, 0.9020570354858338, 0.9020570354858338, 0.9020570354858338, 0.9020570354858338, 0.9020570354858338, 0.9020570354858338, 0.9020570354858338, 0.9020570354858338, 0.9020570354858338, 0.9020570354858338, 0.9020570354858338, 0.9020570354858338, 0.9020570354858338, 0.9020570354858338, 0.9020570354858338]","[0.9659559058451777, 0.9692343802649648, 0.972092246247732, 0.972092246247732, 0.972092246247732, 0.972092246247732, 0.972092246247732, 0.972092246247732, 0.972092246247732, 0.9721860980164607, 0.9721860980164607, 0.9721860980164607, 0.9721860980164607, 0.9721860980164607, 0.9721860980164607, 0.9721860980164607, 0.9721860980164607, 0.9721860980164607, 0.9721860980164607, 0.9721860980164607, 0.9721860980164607, 0.9721860980164607, 0.9721860980164607, 0.9721860980164607, 0.9721860980164607, 0.9721860980164607, 0.9721860980164607, 0.9721860980164607, 0.9721860980164607, 0.9721860980164607]","[0.9893504220846179, 0.9893504220846179, 0.991471070176442, 0.991471070176442, 0.991471070176442, 0.991471070176442, 0.991809188464118, 0.991809188464118, 0.991809188464118, 0.991809188464118, 0.9921414143777394, 0.9921414143777394, 0.9921414143777394, 0.9923994223740376, 0.9923994223740376, 0.9923994223740376, 0.9923994223740376, 0.9923994223740376, 0.9923994223740376, 0.9923994223740376, 0.9923994223740376, 0.9923994223740376, 0.9923994223740376, 0.9923994223740376, 0.9923994223740376, 0.9923994223740376, 0.9923994223740376, 0.9923994223740376, 0.9923994223740376, 0.9923994223740376]","[0.9659559058451777, 0.9692343802649648, 0.972092246247732, 0.9704407194951902, 0.964741762278087, 0.9659480118920628, 0.970595508149465, 0.9705896922838452, 0.9674159518880016, 0.9721860980164607, 0.9663410496092922, 0.9663410496092922, 0.9632574120151759, 0.9705973289015427, 0.9678076620203443, 0.9693711578123579, 0.9597029491685195, 0.9693912895282759, 0.9674558855512883, 0.963753733943234, 0.9664311992202255, 0.970768473495388, 0.9693711578123579, 0.969198192466435, 0.9719306884524276, 0.9706937841704117, 0.9704386385948665, 0.9665345699397989, 0.9678571962978527, 0.9660387215801673]","[0.9893504220846179, 0.9888886722574899, 0.991471070176442, 0.9908159551624995, 0.9900457872125085, 0.9906961796619511, 0.991809188464118, 0.9884472641187347, 0.9906253845207333, 0.9909655824698405, 0.9921414143777394, 0.9920057164693589, 0.9912149468733157, 0.9923994223740376, 0.9917396281218751, 0.9919352462752398, 0.9906053677794588, 0.991937737536329, 0.9897434564319596, 0.9906892907834604, 0.9912130405170038, 0.9920728072136523, 0.9921249070651298, 0.9917339957054991, 0.9891510562080494, 0.9921972836155607, 0.9910346662230056, 0.9916091943564922, 0.9887255271508465, 0.989980581161387]","[7.314907476771623, 11.487744010519236, 23.163642884697765, 30.934000111650676, 38.81681630667299, 48.2862259647809, 54.80437383800745, 58.78950606100261, 67.63740185275674, 77.0210695094429, 82.90145916072652, 88.64105567941442, 94.74224732257426, 100.63806388154626, 111.71754145435989, 116.7492296276614, 121.60780181037262, 126.70545640634373, 131.3814300992526, 138.2334851291962, 151.44271985907108, 156.6412316081114, 160.3167997612618, 163.97451059194282, 169.37224575225264, 173.7224940089509, 181.13119247276336, 185.71468213759363, 191.30226992676035, 198.02297442918643]","[7.314907476771623, 4.172836533747613, 11.675898874178529, 7.77035722695291, 7.882816195022315, 9.469409658107907, 6.518147873226553, 3.985132222995162, 8.847895791754127, 9.383667656686157, 5.880389651283622, 5.739596518687904, 6.1011916431598365, 5.895816558972001, 11.07947757281363, 5.031688173301518, 4.858572182711214, 5.0976545959711075, 4.675973692908883, 6.852055029943585, 13.20923472987488, 5.198511749040335, 3.6755681531503797, 3.657710830681026, 5.397735160309821, 4.350248256698251, 7.40869846381247, 4.583489664830267, 5.587587789166719, 6.720704502426088]"
3,breast_cancer,random_forest,AMSCO,"[0.35291791156983365, 0.35291791156983365, 0.5134260178756129, 0.5134260178756129, 0.5134260178756129, 0.5134260178756129, 0.5134260178756129, 0.6435745225057786, 0.6435745225057786, 0.6435745225057786, 0.6435745225057786, 0.6435745225057786, 0.6435745225057786, 0.6435745225057786, 0.6435745225057786, 0.6435745225057786, 0.6435745225057786, 0.6435745225057786, 0.6435745225057786]","[0.9675403929387757, 0.9675403929387757, 0.9675403929387757, 0.9675403929387757, 0.9675403929387757, 0.9675403929387757, 0.9675403929387757, 0.969198192466435, 0.969198192466435, 0.969198192466435, 0.969198192466435, 0.969198192466435, 0.969198192466435, 0.969198192466435, 0.969198192466435, 0.969198192466435, 0.969198192466435, 0.969198192466435, 0.969198192466435]","[0.9903683080394512, 0.9903683080394512, 0.9914756844252424, 0.9914756844252424, 0.9914756844252424, 0.9914756844252424, 0.9914756844252424, 0.9918038593317007, 0.9918038593317007, 0.9918038593317007, 0.9918038593317007, 0.9918038593317007, 0.9918038593317007, 0.9918038593317007, 0.9920684312593909, 0.9920684312593909, 0.9920684312593909, 0.9920684312593909, 0.9920684312593909]","[0.9675403929387757, 0.9647728651578961, 0.9665345699397989, 0.9646771363176858, 0.9618122327341624, 0.9648761277365525, 0.9635535013784986, 0.969198192466435, 0.969198192466435, 0.9678571962978527, 0.9633751262062002, 0.9690777708586122, 0.969198192466435, 0.9647379667018614, 0.9679117539069109, 0.968938212340509, 0.9630979374445247, 0.9658134885812117, 0.9662524180086827]","[0.9903683080394512, 0.9894542968404743, 0.9914756844252424, 0.9903027987043709, 0.9900981686848047, 0.9914123847304325, 0.9911475311819234, 0.9918038593317007, 0.991672212430483, 0.991347178679311, 0.9899144435952494, 0.9912760585909947, 0.9915390057831918, 0.9913453156492789, 0.9920684312593909, 0.9905015146867424, 0.9912215324678474, 0.9913484784677055, 0.9916797512031709]","[8.068118229974061, 21.35611979709938, 25.57473664311692, 36.2792008430697, 49.34747597016394, 53.33580742124468, 57.269504002295434, 60.94979423517361, 64.7632471662946, 69.83931360207498, 78.96992427110672, 90.16947164200246, 94.0079555157572, 100.75514379283413, 109.72270131669939, 117.95222264248878, 122.96336608659476, 126.93146204948425, 131.2522790194489]","[8.068118229974061, 13.28800156712532, 4.2186168460175395, 10.704464199952781, 13.068275127094239, 3.9883314510807395, 3.9336965810507536, 3.6802902328781784, 3.8134529311209917, 5.076066435780376, 9.13061066903174, 11.199547370895743, 3.8384838737547398, 6.74718827707693, 8.967557523865253, 8.229521325789392, 5.011143444105983, 3.9680959628894925, 4.320816969964653]"
3,breast_cancer,logistic_regression,Optuna (TPE),"[0.775329332474924, 0.775329332474924, 0.775329332474924, 0.775329332474924, 0.775329332474924, 0.775329332474924, 0.775329332474924, 0.775329332474924, 0.775329332474924, 0.775329332474924, 0.7849132860908449, 0.7849132860908449, 0.8398009764334449, 0.8398009764334449, 0.8398009764334449, 0.8398009764334449, 0.8398009764334449, 0.8398009764334449, 0.8398009764334449, 0.8398009764334449, 0.8398009764334449, 0.8398009764334449, 0.8398009764334449, 0.8398009764334449, 0.8398009764334449, 0.8398009764334449, 0.8398009764334449, 0.8398009764334449, 0.8398009764334449, 0.8398009764334449]","[0.9789532634852833, 0.9789532634852833, 0.9789532634852833, 0.9789532634852833, 0.9789532634852833, 0.9789532634852833, 0.9789532634852833, 0.9789532634852833, 0.9789532634852833, 0.9789532634852833, 0.9789532634852833, 0.9789532634852833, 0.9804122300506328, 0.9804122300506328, 0.9804122300506328, 0.9804122300506328, 0.9804122300506328, 0.9804122300506328, 0.9804122300506328, 0.9804122300506328, 0.9804122300506328, 0.9804122300506328, 0.9804122300506328, 0.9816343310429708, 0.9816343310429708, 0.9816343310429708, 0.9816343310429708, 0.9816343310429708, 0.9816343310429708, 0.9816343310429708]","[0.9960358836914682, 0.9960358836914682, 0.9960358836914682, 0.9960358836914682, 0.9960358836914682, 0.9960358836914682, 0.9960358836914682, 0.9960358836914682, 0.9960358836914682, 0.9960358836914682, 0.9960358836914682, 0.9960358836914682, 0.9960358836914682, 0.9960358836914682, 0.9960358836914682, 0.9960358836914682, 0.9960358836914682, 0.9960358836914682, 0.9960358836914682, 0.9960358836914682, 0.9960358836914682, 0.9960358836914682, 0.9961007647954914, 0.9961007647954914, 0.9961007647954914, 0.9961007647954914, 0.9961007647954914, 0.9961007647954914, 0.9961007647954914, 0.9961669023616289]","[0.9789532634852833, 0.9691501760650697, 0.9761806527615173, 0.9776942076997297, 0.9704739981260382, 0.9704739981260382, 0.9619309733955876, 0.9748625342603002, 0.9776942076997297, 0.9761806527615173, 0.9789532634852833, 0.9789532634852833, 0.9804122300506328, 0.9804122300506328, 0.9777477968867402, 0.9802163046249444, 0.9777477968867402, 0.9802949710056785, 0.978932628050662, 0.9606516903807162, 0.9790357287200415, 0.9788152112209163, 0.978932628050662, 0.9816343310429708, 0.9788565532651929, 0.9704739981260382, 0.980433933727127, 0.9761806527615173, 0.9816343310429708, 0.9802741777862659]","[0.9960358836914682, 0.9880769110788764, 0.9922880088454933, 0.9950522904871087, 0.9926714247587158, 0.9926714247587158, 0.9902958881627404, 0.9898556714966803, 0.9950516622560514, 0.9929468715826397, 0.9960358836914682, 0.9960358836914682, 0.9960358836914682, 0.9959036085591931, 0.9951764419419187, 0.995903911843152, 0.9954397357443542, 0.9957080120689685, 0.9957030295467897, 0.9884478490235123, 0.9951184280532462, 0.9960358836914682, 0.9961007647954914, 0.9960349305133125, 0.9958384025080715, 0.992870444025046, 0.9953155842895443, 0.99301238091772, 0.9960339989982965, 0.9961669023616289]","[0.2515713470056653, 0.5167313069105148, 0.77167295711115, 1.02360296016559, 1.2697857692837715, 1.519313677214086, 1.771056516095996, 2.032018599100411, 2.2869834969751537, 2.5438380339182913, 2.7949435696937144, 3.04728601872921, 3.297880389727652, 3.5538476607762277, 3.8115621670149267, 4.071025074925274, 4.325882403180003, 4.585686008445919, 4.842705951537937, 5.0986115406267345, 5.355514872819185, 5.616790899075568, 5.870504590682685, 6.124229531735182, 6.381999336648732, 6.636922447476536, 6.895179206505418, 7.155229274649173, 7.409416771959513, 7.665447601117194]","[0.2515713470056653, 0.26515995990484953, 0.2549416502006352, 0.25193000305444, 0.24618280911818147, 0.24952790793031454, 0.25174283888190985, 0.26096208300441504, 0.25496489787474275, 0.25685453694313765, 0.25110553577542305, 0.2523424490354955, 0.2505943709984422, 0.25596727104857564, 0.25771450623869896, 0.259462907910347, 0.2548573282547295, 0.2598036052659154, 0.25701994309201837, 0.25590558908879757, 0.25690333219245076, 0.26127602625638247, 0.25371369160711765, 0.25372494105249643, 0.2577698049135506, 0.2549231108278036, 0.2582567590288818, 0.2600500681437552, 0.2541874973103404, 0.2560308291576803]"
3,breast_cancer,logistic_regression,AMSCO,"[0.6815653291656122, 0.6815653291656122, 0.6815653291656122, 0.7556297808241904, 0.7556297808241904, 0.7556297808241904, 0.7556297808241904, 0.7556297808241904, 0.7556297808241904]","[0.9789532634852833, 0.9789532634852833, 0.9789532634852833, 0.9816343310429708, 0.9816343310429708, 0.9816343310429708, 0.9817749298957092, 0.9817749298957092, 0.9817749298957092]","[0.9960358836914682, 0.9960358836914682, 0.9960358836914682, 0.9960358836914682, 0.9960358836914682, 0.9960358836914682, 0.9960358836914682, 0.9960358836914682, 0.9960358836914682]","[0.9789532634852833, 0.9776942076997297, 0.9748386902899009, 0.9816343310429708, 0.980433933727127, 0.9691501760650697, 0.9817749298957092, 0.9562735865868601, 0.9748027398942428]","[0.9960358836914682, 0.9948545060197533, 0.994589955755203, 0.9960339989982965, 0.9953155842895443, 0.9878797548425784, 0.9953155842895443, 0.9877209856901963, 0.991694655443427]","[0.2546716290526092, 0.5098765981383622, 0.7633447130210698, 1.0139637617394328, 1.2653788439929485, 1.5308658638969064, 1.7904728082939982, 2.0403709881938994, 2.2995501928962767]","[0.2546716290526092, 0.25520496908575296, 0.2534681148827076, 0.25061904871836305, 0.2514150822535157, 0.26548701990395784, 0.25960694439709187, 0.24989817989990115, 0.2591792047023773]"
3,telco,random_forest,Optuna (TPE),"[0.7306579725240848, 0.7306579725240848, 0.7306579725240848, 0.7306579725240848, 0.7306579725240848, 0.7306579725240848, 0.7306579725240848, 0.7306579725240848, 0.7306579725240848, 0.7306579725240848, 0.7306579725240848, 0.7306579725240848, 0.8501167586992933, 0.8501167586992933, 0.8501167586992933, 0.8569161537257372, 0.8766037112933325, 0.8766037112933325, 0.8766037112933325, 0.8766037112933325, 0.8766037112933325, 0.8766037112933325, 0.9088255714252274, 0.9088255714252274, 0.9088255714252274, 0.9088255714252274, 0.9088255714252274, 0.9088255714252274, 0.9088255714252274, 0.9088255714252274]","[0.5947742688313278, 0.5947742688313278, 0.5978789358213437, 0.5978789358213437, 0.5978789358213437, 0.5978789358213437, 0.5978789358213437, 0.5978789358213437, 0.5978789358213437, 0.6030925523715972, 0.6030925523715972, 0.6030925523715972, 0.6148037527132383, 0.6148037527132383, 0.6148037527132383, 0.6148037527132383, 0.6148037527132383, 0.6148037527132383, 0.6148037527132383, 0.6148037527132383, 0.6148037527132383, 0.6148037527132383, 0.6148037527132383, 0.6148037527132383, 0.6148037527132383, 0.6148037527132383, 0.6148037527132383, 0.6152578678531804, 0.6152578678531804, 0.6152578678531804]","[0.8117877730208856, 0.8117877730208856, 0.8126066297189641, 0.8126066297189641, 0.8126066297189641, 0.8126066297189641, 0.8126066297189641, 0.8126066297189641, 0.8126066297189641, 0.8185928082185597, 0.8185928082185597, 0.8185928082185597, 0.8290707263249759, 0.8290707263249759, 0.8290707263249759, 0.8290707263249759, 0.8290707263249759, 0.8290707263249759, 0.8290707263249759, 0.8290707263249759, 0.8290707263249759, 0.8290707263249759, 0.8290707263249759, 0.8290707263249759, 0.8290707263249759, 0.8290707263249759, 0.8290707263249759, 0.829453630430201, 0.829453630430201, 0.829453630430201]","[0.5947742688313278, 0.46465581703281744, 0.5978789358213437, 0.5934505783394621, 0.5940390113374279, 0.59036186746679, 0.512303146073976, 0.46465581703281744, 0.5939142792948207, 0.6030925523715972, 0.5970369118130667, 0.5921865040987457, 0.6148037527132383, 0.5877678182498521, 0.5932334768248211, 0.6124947358200656, 0.613347406636584, 0.6139934773462989, 0.6123299108123149, 0.5924846400901684, 0.6132425390862755, 0.6115557808995785, 0.6138886822793483, 0.5936931679386757, 0.6102885128235247, 0.6007293674761474, 0.5937493031650161, 0.6152578678531804, 0.5921864149076331, 0.6117688297097537]","[0.8117877730208856, 0.6134770306785579, 0.8126066297189641, 0.8097393894502277, 0.8115097701742515, 0.8102187937156792, 0.7100616455849583, 0.6134622911798042, 0.810743068976028, 0.8185928082185597, 0.8150434913447485, 0.8146409985886299, 0.8290707263249759, 0.8085032103253209, 0.8136616646944924, 0.826305915935027, 0.8268648706660713, 0.8268680974022043, 0.8249960696056519, 0.815763404544178, 0.8242365913712542, 0.8248805251586255, 0.8267614824980034, 0.8114481232724253, 0.8219111396119626, 0.8202307265229696, 0.8148392055318971, 0.829453630430201, 0.8139993188174905, 0.829398467679107]","[11.052843558136374, 17.972667817026377, 34.86077637132257, 46.48737938934937, 58.3152857683599, 71.99502378469333, 81.89960346883163, 88.37708848807961, 101.3418626259081, 115.0252244011499, 133.01397613808513, 148.00463630305603, 157.88896000524983, 166.9341646321118, 175.77297232532874, 184.56718574557453, 192.44655668456107, 200.53424762748182, 208.3292345814407, 215.92031902540475, 226.81604202557355, 234.76956835854799, 240.89574706740677, 247.00120551139116, 254.13092648983002, 260.3447112310678, 268.57409733813256, 276.05066778790206, 286.02849615272135, 293.2913581794128]","[11.052843558136374, 6.919824258890003, 16.888108554296196, 11.626603018026799, 11.827906379010528, 13.679738016333431, 9.904579684138298, 6.477485019247979, 12.964774137828499, 13.683361775241792, 17.988751736935228, 14.990660164970905, 9.884323702193797, 9.04520462686196, 8.83880769321695, 8.794213420245796, 7.87937093898654, 8.087690942920744, 7.794986953958869, 7.591084443964064, 10.8957230001688, 7.953526332974434, 6.126178708858788, 6.105458443984389, 7.129720978438854, 6.21378474123776, 8.229386107064784, 7.476570449769497, 9.977828364819288, 7.262862026691437]"
3,telco,random_forest,AMSCO,"[0.2557303842279112, 0.2557303842279112, 0.7408512166503901, 0.7408512166503901, 0.7408512166503901, 0.7408512166503901, 0.7543838593666294, 0.7875434413031779, 0.7875434413031779, 0.7875434413031779, 0.7961114677051565, 0.7961114677051565, 0.7961114677051565, 0.7961114677051565, 0.7961114677051565, 0.7961114677051565, 0.7961114677051565, 0.7961114677051565, 0.7961114677051565]","[0.5277598795734878, 0.5362274256966714, 0.6189056189331079, 0.6189056189331079, 0.6189056189331079, 0.6189056189331079, 0.6189056189331079, 0.6189056189331079, 0.6189056189331079, 0.6189056189331079, 0.6189056189331079, 0.6189056189331079, 0.6189056189331079, 0.6189056189331079, 0.6189056189331079, 0.6189056189331079, 0.6189056189331079, 0.6189056189331079, 0.6189056189331079]","[0.7313261393738231, 0.7413628138604436, 0.8308735459092584, 0.8308735459092584, 0.8308735459092584, 0.8308735459092584, 0.8308735459092584, 0.8308735459092584, 0.8308735459092584, 0.8308735459092584, 0.8308735459092584, 0.8308735459092584, 0.8308735459092584, 0.8308735459092584, 0.8308735459092584, 0.8308735459092584, 0.8308735459092584, 0.8308735459092584, 0.8308735459092584]","[0.5277598795734878, 0.5362274256966714, 0.6189056189331079, 0.5938583632743533, 0.4942355135568886, 0.5829773020630872, 0.6153491596737567, 0.6176472215668094, 0.5904527344231798, 0.6171117981483019, 0.6157100374469133, 0.614009359399502, 0.6181040205404986, 0.5943700930935989, 0.603105799134283, 0.6179877546718427, 0.6162632239343411, 0.5943700930935989, 0.603105799134283]","[0.7313261393738231, 0.7413628138604436, 0.8308735459092584, 0.8107565385593775, 0.6684572453468214, 0.8085031231863139, 0.8281975901531837, 0.8300166074396114, 0.8135493187030919, 0.8280302966743726, 0.8298400273237403, 0.829652611291874, 0.8301625297536157, 0.8114145268263929, 0.8175630829117075, 0.8300482901451138, 0.829525602634193, 0.8114145268263929, 0.8175630829117075]","[14.329817754682153, 31.351434968877584, 41.962591875810176, 54.99705148860812, 62.92732682870701, 70.12154074152932, 78.95159139949828, 86.3082068534568, 93.4478528923355, 104.650347602088, 111.12114024115726, 117.78907551057637, 126.28952019428834, 139.14241707650945, 151.79052104288712, 160.104509184137, 170.84399149613455, 183.6791877192445, 196.22847545938566]","[14.329817754682153, 17.02161721419543, 10.611156906932592, 13.034459612797946, 7.930275340098888, 7.194213912822306, 8.830050657968968, 7.356615453958511, 7.139646038878709, 11.2024947097525, 6.470792639069259, 6.667935269419104, 8.500444683711976, 12.852896882221103, 12.648103966377676, 8.313988141249865, 10.739482311997563, 12.83519622310996, 12.549287740141153]"
3,telco,logistic_regression,Optuna (TPE),"[0.3180121152214133, 0.3180121152214133, 0.3180121152214133, 0.7519589053212278, 0.7519589053212278, 0.7519589053212278, 0.7519589053212278, 0.7519589053212278, 0.7519589053212278, 0.7519589053212278, 0.7519589053212278, 0.7926789411559775, 0.7926789411559775, 0.7926789411559775, 0.7926789411559775, 0.7926789411559775, 0.8306099380941468, 0.8306099380941468, 0.8306099380941468, 0.8306099380941468, 0.8306099380941468, 0.8306099380941468, 0.8590171205537582, 0.8590171205537582, 0.8590171205537582, 0.8590171205537582, 0.8590171205537582, 0.8590171205537582, 0.8590171205537582, 0.8590171205537582]","[0.6273312981253631, 0.6273312981253631, 0.6273312981253631, 0.6304458732495485, 0.6304458732495485, 0.6304458732495485, 0.6304458732495485, 0.6304458732495485, 0.6304458732495485, 0.6304458732495485, 0.6304458732495485, 0.6318226331754584, 0.6321155262623949, 0.6321155262623949, 0.6321155262623949, 0.6321155262623949, 0.6330671158266995, 0.6330671158266995, 0.6330671158266995, 0.6330671158266995, 0.6330671158266995, 0.6330671158266995, 0.6331193807102041, 0.6331193807102041, 0.6331193807102041, 0.6331193807102041, 0.6331193807102041, 0.6331193807102041, 0.6331193807102041, 0.6331193807102041]","[0.8435141570705478, 0.8435141570705478, 0.8438981507204725, 0.8446247764701745, 0.8446247764701745, 0.8446247764701745, 0.8446247764701745, 0.8446247764701745, 0.8446247764701745, 0.8446247764701745, 0.8446247764701745, 0.8446247764701745, 0.8446247764701745, 0.8446247764701745, 0.8446247764701745, 0.8446247764701745, 0.8446247764701745, 0.8446247764701745, 0.8446247764701745, 0.8446247764701745, 0.8446247764701745, 0.8446247764701745, 0.8446247764701745, 0.8446247764701745, 0.8446247764701745, 0.8446247764701745, 0.8446247764701745, 0.8446247764701745, 0.8446247764701745, 0.8446247764701745]","[0.6273312981253631, 0.6163750303589133, 0.6220640270022334, 0.6304458732495485, 0.6274093114070565, 0.6274093114070565, 0.6200958905225169, 0.6199568227590312, 0.6294421468509921, 0.6220771972243465, 0.6272442438376004, 0.6318226331754584, 0.6321155262623949, 0.6267602230285166, 0.6276961427775432, 0.6223745429766234, 0.6330671158266995, 0.6288640472007729, 0.6278493927747659, 0.6318184660771553, 0.6212433812529079, 0.6294752814438901, 0.6331193807102041, 0.6277683904854998, 0.6213485116712694, 0.6318435492210116, 0.6276240675103153, 0.6266860355370427, 0.6270875529850014, 0.6274430755562398]","[0.8435141570705478, 0.8420608939149208, 0.8438981507204725, 0.8446247764701745, 0.8426611408066886, 0.8426606245167969, 0.8409627090351647, 0.8426254555329689, 0.8446211517452331, 0.8441075154320142, 0.8436983291438468, 0.8445807393393023, 0.8443029511206916, 0.8433688061941276, 0.8444149607427851, 0.8432520148078926, 0.8444384224580584, 0.8439631394771961, 0.8433212102393103, 0.844305532614358, 0.8429728265042382, 0.8446216694203145, 0.8445900597802123, 0.8439517628014128, 0.8440227402805481, 0.8445714305238032, 0.8435120879831516, 0.8443906625632428, 0.8433325672317373, 0.8435777965883305]","[2.0823985040187836, 4.692498100921512, 7.166571649722755, 9.475468599703163, 11.485723894555122, 13.501402971334755, 15.495489624328911, 18.103661525063217, 20.412090932950377, 22.860764141660184, 24.99127004062757, 27.321991743985564, 29.5511062880978, 31.58857275126502, 34.00510458648205, 36.55459159659222, 38.805981712415814, 40.95885424967855, 43.002904476597905, 45.24380692560226, 47.83558416040614, 50.14522396447137, 52.45833834912628, 54.61395359225571, 57.04812853503972, 59.31047482090071, 61.35954231582582, 63.73636369779706, 65.76250827778131, 67.85439115483314]","[2.0823985040187836, 2.610099596902728, 2.4740735488012433, 2.308896949980408, 2.0102552948519588, 2.0156790767796338, 1.9940866529941559, 2.6081719007343054, 2.308429407887161, 2.448673208709806, 2.1305058989673853, 2.3307217033579946, 2.2291145441122353, 2.0374664631672204, 2.416531835217029, 2.5494870101101696, 2.2513901158235967, 2.1528725372627378, 2.044050226919353, 2.240902449004352, 2.591777234803885, 2.3096398040652275, 2.3131143846549094, 2.155615243129432, 2.4341749427840114, 2.2623462858609855, 2.0490674949251115, 2.37682138197124, 2.0261445799842477, 2.0918828770518303]"
3,telco,logistic_regression,AMSCO,"[0.48313769610259594, 0.5159476442240271, 0.5159476442240271, 0.5159476442240271, 0.5159476442240271, 0.5159476442240271, 0.6667148248404531, 0.6667148248404531, 0.6667148248404531, 0.6667148248404531, 0.6667148248404531, 0.6667148248404531, 0.6667148248404531, 0.6667148248404531, 0.6667148248404531]","[0.6266054307386011, 0.6272997338407921, 0.6272997338407921, 0.6272997338407921, 0.6272997338407921, 0.6272997338407921, 0.6330671158266995, 0.6330671158266995, 0.6330671158266995, 0.6330671158266995, 0.6330671158266995, 0.6330671158266995, 0.6330671158266995, 0.6330671158266995, 0.6330671158266995]","[0.8434298452998228, 0.8436802168793021, 0.8436802168793021, 0.8436802168793021, 0.8436802168793021, 0.8436802168793021, 0.8444348047287262, 0.8444348047287262, 0.8444348047287262, 0.8444348047287262, 0.8444348047287262, 0.8444348047287262, 0.8444348047287262, 0.8444348047287262, 0.8444348047287262]","[0.6266054307386011, 0.6272997338407921, 0.6181861847094308, 0.6186179798869222, 0.619478083903094, 0.6156773648745744, 0.6330671158266995, 0.6273792219898487, 0.6271417944535098, 0.6179049164471742, 0.6220739593503773, 0.6225548089561079, 0.6278184561559232, 0.6206442398339054, 0.6207267185360023]","[0.8434298452998228, 0.8436802168793021, 0.8422599293120697, 0.8394568341224865, 0.8402341188723138, 0.8419610872556216, 0.8444348047287262, 0.8437692037786853, 0.8434520894455234, 0.8392877695281044, 0.8434499903769448, 0.8414023567055857, 0.8434991667513397, 0.8428988921691772, 0.8428006732532772]","[2.054546150844544, 4.138861354906112, 6.703671440016478, 8.661306272260845, 10.628440408967435, 13.281557919923216, 15.57495987182483, 17.746002605184913, 19.85114475619048, 21.81439807638526, 24.309386930428445, 26.35133654717356, 28.476196412928402, 31.003381660673767, 33.53044965863228]","[2.054546150844544, 2.084315204061568, 2.5648100851103663, 1.9576348322443664, 1.9671341367065907, 2.6531175109557807, 2.2934019519016147, 2.171042733360082, 2.105142151005566, 1.9632533201947808, 2.4949888540431857, 2.0419496167451143, 2.1248598657548428, 2.527185247745365, 2.527067997958511]"
4,breast_cancer,random_forest,Optuna (TPE),"[-0.3842356010678908, 0.07246900414841397, 0.9337042297646183, 0.9337042297646183, 0.9337042297646183, 0.9337042297646183, 0.9621849440089361, 0.9621849440089361, 0.9621849440089361, 0.9621849440089361, 0.9621849440089361, 0.9621849440089361, 0.9621849440089361, 0.9621849440089361, 0.9621849440089361, 0.9621849440089361, 0.9621849440089361, 0.9621849440089361, 0.9621849440089361, 0.9621849440089361, 0.9621849440089361, 0.9621849440089361, 1.0599082305664893, 1.0599082305664893, 1.0599082305664893, 1.0599082305664893, 1.0599082305664893, 1.0599082305664893, 1.0599082305664893, 1.0599082305664893]","[0.9659559058451777, 0.9692343802649648, 0.972092246247732, 0.972092246247732, 0.972092246247732, 0.972092246247732, 0.972092246247732, 0.972092246247732, 0.972092246247732, 0.9721860980164607, 0.9721860980164607, 0.9721860980164607, 0.9721860980164607, 0.9721860980164607, 0.9721860980164607, 0.9721860980164607, 0.9721860980164607, 0.9721860980164607, 0.9721860980164607, 0.9721860980164607, 0.9721860980164607, 0.9721860980164607, 0.9721860980164607, 0.9721860980164607, 0.9721860980164607, 0.9721860980164607, 0.9721860980164607, 0.9721860980164607, 0.9721860980164607, 0.9721860980164607]","[0.9893504220846179, 0.9893504220846179, 0.991471070176442, 0.991471070176442, 0.991471070176442, 0.991471070176442, 0.991809188464118, 0.991809188464118, 0.991809188464118, 0.991809188464118, 0.9921414143777394, 0.9921414143777394, 0.9921414143777394, 0.9921414143777394, 0.9921414143777394, 0.9921414143777394, 0.9921414143777394, 0.9921414143777394, 0.9921414143777394, 0.9929902845150143, 0.9929902845150143, 0.9929902845150143, 0.9929902845150143, 0.9929902845150143, 0.9929902845150143, 0.9929902845150143, 0.9929902845150143, 0.9929902845150143, 0.9929902845150143, 0.9929902845150143]","[0.9659559058451777, 0.9692343802649648, 0.972092246247732, 0.9704407194951902, 0.964741762278087, 0.9659480118920628, 0.970595508149465, 0.9705896922838452, 0.9674159518880016, 0.9721860980164607, 0.9663410496092922, 0.9678076620203443, 0.9651970265881588, 0.9634285566090212, 0.9652413460487995, 0.9664313717482141, 0.9666297764610838, 0.9691302883783981, 0.9678196640435717, 0.9678697502427613, 0.9663793047194897, 0.9664103463373144, 0.9692715052666623, 0.9677700976970657, 0.9690739688639505, 0.9664311992202255, 0.9663391093568862, 0.9677700976970657, 0.9678697502427613, 0.9687911766843624]","[0.9893504220846179, 0.9888886722574899, 0.991471070176442, 0.9908159551624995, 0.9900457872125085, 0.9906961796619511, 0.991809188464118, 0.9884472641187347, 0.9906253845207333, 0.9909655824698405, 0.9921414143777394, 0.9912158567251919, 0.9907766365635673, 0.9907494709861234, 0.9908200061696621, 0.9911450399208344, 0.9908137888485088, 0.9918095134112166, 0.9895188746605387, 0.9929902845150143, 0.9907532403724675, 0.9926621096085558, 0.9927276189436359, 0.9926667888467758, 0.9889199105052363, 0.9912114807709305, 0.9897774892247542, 0.992861757105943, 0.9886200709857768, 0.9896127843720375]","[7.254383055027574, 11.40006319573149, 23.090716905891895, 30.87508117267862, 38.86322401743382, 48.2582463757135, 54.725760393776, 58.69881317578256, 67.47625571675599, 76.88414459163323, 82.81729539483786, 95.16118694609031, 108.0214338246733, 119.09569405252114, 125.183358842507, 136.0372257195413, 141.981758359354, 153.10098742553964, 163.43749353056774, 168.16053168056533, 175.25693675223738, 180.18466006033123, 184.93555996753275, 190.12079185107723, 197.0285104974173, 209.0341434441507, 215.41466822475195, 220.7730490518734, 225.12320911185816, 233.31903542857617]","[7.254383055027574, 4.1456801407039165, 11.690653710160404, 7.784364266786724, 7.9881428447552025, 9.395022358279675, 6.467514018062502, 3.9730527820065618, 8.777442540973425, 9.407888874877244, 5.933150803204626, 12.343891551252455, 12.860246878582984, 11.074260227847844, 6.087664789985865, 10.853866877034307, 5.944532639812678, 11.119229066185653, 10.336506105028093, 4.723038149997592, 7.096405071672052, 4.927723308093846, 4.7508999072015285, 5.185231883544475, 6.907718646340072, 12.005632946733385, 6.380524780601263, 5.358380827121437, 4.350160059984773, 8.195826316718012]"
4,breast_cancer,random_forest,AMSCO,"[0.11817563783646258, 0.251699256912043, 0.5329367792162072, 0.5329367792162072, 0.5329367792162072, 0.5329367792162072, 0.5329367792162072, 0.8080536974861261, 0.8080536974861261, 0.8080536974861261, 0.8080536974861261, 0.8080536974861261, 0.8080536974861261, 0.8080536974861261, 0.8080536974861261, 0.8080536974861261, 0.8080536974861261, 0.8080536974861261, 0.8080536974861261, 0.8080536974861261]","[0.9662148857544016, 0.9663793047194897, 0.9679939738452459, 0.9679939738452459, 0.9679939738452459, 0.9679939738452459, 0.9704712845469805, 0.9734320960220242, 0.9734320960220242, 0.9734320960220242, 0.9734320960220242, 0.9734320960220242, 0.9734320960220242, 0.9734320960220242, 0.9734320960220242, 0.9734320960220242, 0.9734320960220242, 0.9734320960220242, 0.9734320960220242, 0.9734320960220242]","[0.9896492650996418, 0.9906867995223712, 0.9920593977300497, 0.9920593977300497, 0.9920593977300497, 0.9924022385822255, 0.9924022385822255, 0.9928614321588446, 0.9928614321588446, 0.9928614321588446, 0.9928614321588446, 0.9928614321588446, 0.9928614321588446, 0.9928614321588446, 0.9928614321588446, 0.9928614321588446, 0.9928614321588446, 0.9928614321588446, 0.9928614321588446, 0.9928614321588446]","[0.9662148857544016, 0.9663793047194897, 0.9679939738452459, 0.9646771363176858, 0.9674364605318632, 0.9649297916506289, 0.9704712845469805, 0.9734320960220242, 0.9690959213319461, 0.9693711578123579, 0.9650340560651841, 0.9691302883783981, 0.9687531086423805, 0.9705543981802973, 0.9720347803389942, 0.9704187670271945, 0.9673156572049291, 0.9706246844618599, 0.963689373426045, 0.9635535013784986]","[0.9896492650996418, 0.9906867995223712, 0.9920593977300497, 0.9903692395544672, 0.9895510010970213, 0.9924022385822255, 0.9899116057239216, 0.9928614321588446, 0.9920715724146776, 0.9921249070651298, 0.9905598101962333, 0.9913381668131096, 0.9894149999046823, 0.9925301377602394, 0.9921370817497579, 0.9916067247585426, 0.9896814131992645, 0.9892839595713816, 0.9901711084768733, 0.9898382543321947]","[9.085679598152637, 16.616596423089504, 20.30271032312885, 30.625379387754947, 36.783773575909436, 41.27138348482549, 50.034675762522966, 55.64809013251215, 62.6391855282709, 66.25607787724584, 71.10745627013966, 80.2418737821281, 87.04457879578695, 95.30277222767472, 102.23936848947778, 111.61384322633967, 116.80259970249608, 122.34523447137326, 126.34246188495308, 135.17266378970817]","[9.085679598152637, 7.530916824936867, 3.686113900039345, 10.322669064626098, 6.158394188154489, 4.487609908916056, 8.763292277697474, 5.6134143699891865, 6.991095395758748, 3.616892348974943, 4.851378392893821, 9.134417511988431, 6.802705013658851, 8.258193431887776, 6.936596261803061, 9.374474736861885, 5.1887564761564136, 5.542634768877178, 3.9972274135798216, 8.830201904755086]"
4,breast_cancer,logistic_regression,Optuna (TPE),"[0.7429606231301054, 0.7429606231301054, 0.7429606231301054, 0.7429606231301054, 0.7429606231301054, 0.7429606231301054, 0.7429606231301054, 0.7429606231301054, 0.7429606231301054, 0.7429606231301054, 0.7429606231301054, 0.7429606231301054, 0.8020209628659328, 0.8252104516417132, 0.8252104516417132, 0.8252104516417132, 0.8252104516417132, 0.8252104516417132, 0.8252104516417132, 0.8252104516417132, 0.8252104516417132, 0.8494467361242843, 0.8494467361242843, 0.8494467361242843, 0.8494467361242843, 0.8494467361242843, 0.8494467361242843, 0.8494467361242843, 0.8494467361242843, 0.8494467361242843]","[0.9789532634852833, 0.9789532634852833, 0.9789532634852833, 0.9789532634852833, 0.9789532634852833, 0.9789532634852833, 0.9789532634852833, 0.9789532634852833, 0.9789532634852833, 0.9789532634852833, 0.9789532634852833, 0.9789532634852833, 0.9804122300506328, 0.9804122300506328, 0.9804122300506328, 0.9804122300506328, 0.9804122300506328, 0.9804122300506328, 0.9804122300506328, 0.9804122300506328, 0.9804122300506328, 0.9816343310429708, 0.9816343310429708, 0.9816343310429708, 0.9817749298957092, 0.9817749298957092, 0.9817749298957092, 0.9817749298957092, 0.9817749298957092, 0.9817749298957092]","[0.9960358836914682, 0.9960358836914682, 0.9960358836914682, 0.9960358836914682, 0.9960358836914682, 0.9960358836914682, 0.9960358836914682, 0.9960358836914682, 0.9960358836914682, 0.9960358836914682, 0.9960358836914682, 0.9960358836914682, 0.9960358836914682, 0.9960358836914682, 0.9960358836914682, 0.9960358836914682, 0.9960358836914682, 0.9960358836914682, 0.9960358836914682, 0.9960358836914682, 0.9960358836914682, 0.9961662741305715, 0.9961662741305715, 0.9961662741305715, 0.9961662741305715, 0.9961662741305715, 0.9961662741305715, 0.9961662741305715, 0.9961662741305715, 0.9961662741305715]","[0.9789532634852833, 0.9691501760650697, 0.9761806527615173, 0.9776942076997297, 0.9704739981260382, 0.9704739981260382, 0.9619309733955876, 0.9748625342603002, 0.9776942076997297, 0.9761806527615173, 0.9789532634852833, 0.9789532634852833, 0.9804122300506328, 0.9804122300506328, 0.9777477968867402, 0.9802163046249444, 0.9777477968867402, 0.9802949710056785, 0.978932628050662, 0.9606516903807162, 0.9790357287200415, 0.9816343310429708, 0.9802741777862659, 0.978932628050662, 0.9817749298957092, 0.9704739981260382, 0.9789322711606021, 0.9761806527615173, 0.9816343310429708, 0.9802949710056785]","[0.9960358836914682, 0.9880769110788764, 0.9922880088454933, 0.9950522904871087, 0.9926714247587158, 0.9926714247587158, 0.9902958881627404, 0.9898556714966803, 0.9950516622560514, 0.9929468715826397, 0.9960358836914682, 0.9960358836914682, 0.9960358836914682, 0.9959036085591931, 0.9951764419419187, 0.9959694211782321, 0.9954397357443542, 0.9957080120689685, 0.9957030295467897, 0.9884478490235123, 0.9951184280532462, 0.9961662741305715, 0.9961007647954911, 0.9958349797319663, 0.9953804653935674, 0.992870444025046, 0.9959691178942733, 0.99301238091772, 0.9960339989982965, 0.9953804653935674]","[0.252274336759001, 0.5171275655739009, 0.773936327546835, 1.0248084925115108, 1.2723185694776475, 1.521366857457906, 1.7711193757131696, 2.0302444747649133, 2.2831276543438435, 2.538507313467562, 2.7939884294755757, 3.051576561294496, 3.305379858240485, 3.5563927153125405, 3.8066067453473806, 4.059729550033808, 4.314234567340463, 4.571890252176672, 4.826258778106421, 5.07986323395744, 5.337103424128145, 5.592211449984461, 5.847702855244279, 6.104598926380277, 6.362883046269417, 6.6140108038671315, 6.862708051688969, 7.1166625479236245, 7.3719141208566725, 7.626029826700687]","[0.252274336759001, 0.2648532288148999, 0.256808761972934, 0.2508721649646759, 0.2475100769661367, 0.24904828798025846, 0.24975251825526357, 0.25912509905174375, 0.25288317957893014, 0.25537965912371874, 0.2554811160080135, 0.2575881318189204, 0.25380329694598913, 0.25101285707205534, 0.2502140300348401, 0.2531228046864271, 0.25450501730665565, 0.2576556848362088, 0.254368525929749, 0.25360445585101843, 0.2572401901707053, 0.2551080258563161, 0.25549140525981784, 0.25689607113599777, 0.25828411988914013, 0.25112775759771466, 0.24869724782183766, 0.2539544962346554, 0.255251572933048, 0.2541157058440149]"
4,breast_cancer,logistic_regression,AMSCO,"[-0.08491294235590205, -0.04514018513211812, 0.3491799486462044, 0.4203883763532569, 0.7114015075478197, 0.7114015075478197, 0.7114015075478197, 0.7114015075478197, 0.7114015075478197]","[0.9664100369747606, 0.9678283369846099, 0.9678283369846099, 0.9761806527615173, 0.9817749298957092, 0.9817749298957092, 0.9817749298957092, 0.9817749298957092, 0.9817749298957092]","[0.9872240332607184, 0.9874860706010395, 0.9923423183372414, 0.9923423183372414, 0.9953155842895443, 0.9953155842895443, 0.9953155842895443, 0.9953155842895443, 0.9953155842895443]","[0.9664100369747606, 0.9678283369846099, 0.9676783647531053, 0.9761806527615173, 0.9817749298957092, 0.9748084340912623, 0.9748625342603002, 0.9562735865868601, 0.9748027398942428]","[0.9872240332607184, 0.9874860706010395, 0.9923423183372414, 0.9922880088454933, 0.9953155842895443, 0.9947156886192261, 0.9897233963644052, 0.9877209856901963, 0.9916285178772896]","[0.25841303914785385, 0.5180907789617777, 0.7629195628687739, 1.0154747129417956, 1.2641248190775514, 1.5148615217767656, 1.7728386763483286, 2.0144187584519386, 2.2629181500524282]","[0.25841303914785385, 0.25967773981392384, 0.24482878390699625, 0.25255515007302165, 0.24865010613575578, 0.2507367026992142, 0.257977154571563, 0.24158008210361004, 0.24849939160048962]"
4,telco,random_forest,Optuna (TPE),"[1.3772552454851201, 1.3772552454851201, 1.3772552454851201, 1.3772552454851201, 1.3772552454851201, 1.3772552454851201, 1.3772552454851201, 1.3772552454851201, 1.3772552454851201, 1.3847412208005745, 1.3847412208005745, 1.3847412208005745, 1.5831309860564236, 1.613294006782869, 1.613294006782869, 1.613294006782869, 1.613294006782869, 1.613294006782869, 1.613294006782869, 1.613294006782869, 1.613294006782869, 1.613294006782869, 1.6815870064867438, 1.6875780528310402, 1.6875780528310402, 1.6875780528310402, 1.6875780528310402, 1.6875780528310402, 1.6875780528310402, 1.6875780528310402]","[0.5947742688313278, 0.5947742688313278, 0.5978789358213437, 0.5978789358213437, 0.5978789358213437, 0.5978789358213437, 0.5978789358213437, 0.5978789358213437, 0.5978789358213437, 0.6030925523715972, 0.6030925523715972, 0.6030925523715972, 0.6153939311134996, 0.6169032600816708, 0.6169032600816708, 0.6169032600816708, 0.6169032600816708, 0.6169032600816708, 0.6169032600816708, 0.6177594782195797, 0.6177594782195797, 0.6177594782195797, 0.6177594782195797, 0.6177594782195797, 0.6177594782195797, 0.6177594782195797, 0.6180425303483699, 0.6180425303483699, 0.6210779181610867, 0.6210779181610867]","[0.8117877730208856, 0.8117877730208856, 0.8126066297189641, 0.8126066297189641, 0.8126066297189641, 0.8126066297189641, 0.8126066297189641, 0.8126066297189641, 0.8126066297189641, 0.8185928082185597, 0.8185928082185597, 0.8185928082185597, 0.8287810981617012, 0.8300617029524368, 0.8300617029524368, 0.8300617029524368, 0.8300617029524368, 0.8300617029524368, 0.8300617029524368, 0.8300617029524368, 0.8300617029524368, 0.8300617029524368, 0.8300617029524368, 0.830617846066825, 0.830617846066825, 0.830617846066825, 0.8312832366341674, 0.8312832366341674, 0.8312832366341674, 0.8312832366341674]","[0.5947742688313278, 0.46465581703281744, 0.5978789358213437, 0.5934505783394621, 0.5940390113374279, 0.59036186746679, 0.512303146073976, 0.46465581703281744, 0.5939142792948207, 0.6030925523715972, 0.5498446453583347, 0.5931297197244236, 0.6153939311134996, 0.6169032600816708, 0.6120847272177422, 0.6113610482297467, 0.5953266992708892, 0.6122026429478055, 0.5919508027618519, 0.6177594782195797, 0.59190999230919, 0.6117442094727273, 0.6165556242941345, 0.6169061025637281, 0.6154719595730807, 0.5940858342863281, 0.6180425303483699, 0.5899895724123643, 0.6210779181610867, 0.5959478780106515]","[0.8117877730208856, 0.6134770306785579, 0.8126066297189641, 0.8097393894502277, 0.8115097701742515, 0.8102187937156792, 0.7100616455849583, 0.6134622911798042, 0.810743068976028, 0.8185928082185597, 0.7519995875821783, 0.8142894210317527, 0.8287810981617012, 0.8300617029524368, 0.8277583934443546, 0.8263283469480246, 0.8150832083835073, 0.8249648774387774, 0.8158165141750656, 0.82947328506113, 0.8139723062390936, 0.8256887917415255, 0.8284798245074508, 0.830617846066825, 0.8296005546461928, 0.8121400607519951, 0.8312832366341674, 0.813489034426577, 0.8310854213358347, 0.8120983983183117]","[10.918539446778595, 17.758411837741733, 34.3989611947909, 45.93693817779422, 57.70209354348481, 71.38670994108543, 81.1525691258721, 87.61125116376206, 100.46206182753667, 114.13033302454278, 132.71216701483354, 147.92793954489753, 158.05178574379534, 167.50898720417172, 176.5938539505005, 185.03602155158296, 193.4255063366145, 201.6167478612624, 209.13003393635154, 220.00521241733804, 229.2863871944137, 237.52650320064276, 243.89351878967136, 250.4013734748587, 257.42321679973975, 263.5762771293521, 270.9362057684921, 278.17905414663255, 286.1850604596548, 297.4401145107113]","[10.918539446778595, 6.839872390963137, 16.640549357049167, 11.537976983003318, 11.765155365690589, 13.684616397600621, 9.765859184786677, 6.458682037889957, 12.85081066377461, 13.668271197006106, 18.58183399029076, 15.215772530063987, 10.123846198897809, 9.457201460376382, 9.084866746328771, 8.442167601082474, 8.389484785031527, 8.191241524647921, 7.513286075089127, 10.875178480986506, 9.281174777075648, 8.240116006229073, 6.367015589028597, 6.50785468518734, 7.021843324881047, 6.1530603296123445, 7.35992863913998, 7.242848378140479, 8.006006313022226, 11.255054051056504]"
4,telco,random_forest,AMSCO,"[0.6068850923695709, 0.6068850923695709, 0.6068850923695709, 0.6068850923695709, 0.6068850923695709, 0.6068850923695709, 0.6068850923695709, 0.6068850923695709, 0.6068850923695709]","[0.5951998732831287, 0.5951998732831287, 0.5951998732831287, 0.5951998732831287, 0.5951998732831287, 0.5951998732831287, 0.5951998732831287, 0.5951998732831287, 0.5951998732831287]","[0.8097296902912559, 0.8101942609668761, 0.812717543986332, 0.812717543986332, 0.812717543986332, 0.812717543986332, 0.812717543986332, 0.812717543986332, 0.812717543986332]","[0.5951998732831287, 0.5946593514816041, 0.5910511802269566, 0.5285183154862712, 0.5343196394228734, 0.5016144419141073, 0.46465581703281744, 0.591119626907606, 0.5948978922174839]","[0.8097296902912559, 0.8101942609668761, 0.812717543986332, 0.731329022562849, 0.7345100543984051, 0.6810076353445392, 0.6322235754097574, 0.810947356812408, 0.8121085910890496]","[11.573016527108848, 29.86205054121092, 44.1921471003443, 57.48280488932505, 74.88304061349481, 83.3240224472247, 90.54459608299658, 104.8217164981179, 121.06128328712657]","[11.573016527108848, 18.28903401410207, 14.33009655913338, 13.290657788980752, 17.40023572416976, 8.440981833729893, 7.220573635771871, 14.277120415121317, 16.239566789008677]"
4,telco,logistic_regression,Optuna (TPE),"[0.784997816928678, 0.784997816928678, 0.784997816928678, 1.0665164659559847, 1.0665164659559847, 1.0665164659559847, 1.0665164659559847, 1.0665164659559847, 1.0665164659559847, 1.0665164659559847, 1.0665164659559847, 1.105587582125578, 1.105587582125578, 1.105587582125578, 1.105587582125578, 1.105587582125578, 1.105587582125578, 1.105587582125578, 1.105587582125578, 1.105587582125578, 1.105587582125578, 1.105587582125578, 1.105587582125578, 1.105587582125578, 1.105587582125578, 1.105587582125578, 1.1382022165761372, 1.1382022165761372, 1.1382022165761372, 1.1382022165761372]","[0.6273312981253631, 0.6273312981253631, 0.6273312981253631, 0.6304458732495485, 0.6304458732495485, 0.6304458732495485, 0.6304458732495485, 0.6304458732495485, 0.6304458732495485, 0.6304458732495485, 0.6304458732495485, 0.6318226331754584, 0.6321155262623949, 0.6321155262623949, 0.6327493081823865, 0.6327493081823865, 0.6327493081823865, 0.6327493081823865, 0.6327493081823865, 0.6327493081823865, 0.6327493081823865, 0.6327493081823865, 0.6327493081823865, 0.6327493081823865, 0.6327493081823865, 0.6327493081823865, 0.6330786254345948, 0.6330786254345948, 0.6330786254345948, 0.6330786254345948]","[0.8435141570705478, 0.8435141570705478, 0.8438981507204725, 0.8446247764701745, 0.8446247764701745, 0.8446247764701745, 0.8446247764701745, 0.8446247764701745, 0.8446247764701745, 0.8446247764701745, 0.8446247764701745, 0.8446247764701745, 0.8446247764701745, 0.8446247764701745, 0.8446247764701745, 0.8446247764701745, 0.8446247764701745, 0.8446247764701745, 0.8446247764701745, 0.8446247764701745, 0.8446247764701745, 0.8446247764701745, 0.8446247764701745, 0.8446247764701745, 0.8446247764701745, 0.8446247764701745, 0.8446247764701745, 0.8446247764701745, 0.8446247764701745, 0.8446247764701745]","[0.6273312981253631, 0.6163750303589133, 0.6220640270022334, 0.6304458732495485, 0.6274093114070565, 0.6274093114070565, 0.6200958905225169, 0.6199568227590312, 0.6294421468509921, 0.6220771972243465, 0.6272442438376004, 0.6318226331754584, 0.6321155262623949, 0.6266054307386011, 0.6327493081823865, 0.621854442947742, 0.6277181328304219, 0.63073856380477, 0.6288684318628385, 0.6208012609195941, 0.6271954026766212, 0.6311874921799238, 0.6314870906739085, 0.62863895153832, 0.6313482166526786, 0.6226453970078835, 0.6330786254345948, 0.6276013454042859, 0.6253636854113838, 0.622661706573411]","[0.8435141570705478, 0.8420608939149208, 0.8438981507204725, 0.8446247764701745, 0.8426611408066886, 0.8426606245167969, 0.8409627090351647, 0.8426254555329689, 0.8446211517452331, 0.8441075154320142, 0.8436983291438468, 0.8445807393393023, 0.8443029511206916, 0.8434314008677065, 0.8442822693991612, 0.8438914273961311, 0.8433124319514155, 0.8441136500454312, 0.8445870738044938, 0.8428864840268527, 0.8433403343057948, 0.8440820991271852, 0.8445630799875374, 0.844458907064702, 0.8443515585800482, 0.8431067400284817, 0.8444839440124602, 0.8436833261744017, 0.8442547844101682, 0.8434071030672827]","[2.0441514467820525, 4.651293675880879, 7.095851568970829, 9.398600357118994, 11.391103726346046, 13.387621130328625, 15.369679492432624, 18.04728585574776, 20.339588553644717, 22.7818496436812, 24.876707206945866, 27.173494468908757, 29.40143113490194, 31.467498257756233, 33.67617473285645, 36.170912589877844, 38.21732284175232, 40.396285977680236, 42.72920375969261, 45.271702208556235, 47.29628099128604, 49.487939400132746, 51.75460201688111, 54.1261115106754, 56.35306095983833, 58.85086080478504, 61.107803009450436, 63.19971459871158, 65.66768609778956, 68.20319139584899]","[2.0441514467820525, 2.6071422290988266, 2.44455789308995, 2.3027487881481647, 1.9925033692270517, 1.9965174039825797, 1.9820583621039987, 2.6776063633151352, 2.2923026978969574, 2.4422610900364816, 2.094857563264668, 2.2967872619628906, 2.227936665993184, 2.0660671228542924, 2.2086764751002192, 2.4947378570213914, 2.0464102518744767, 2.1789631359279156, 2.332917782012373, 2.5424984488636255, 2.0245787827298045, 2.191658408846706, 2.266662616748363, 2.371509493794292, 2.2269494491629303, 2.4977998449467123, 2.2569422046653926, 2.0919115892611444, 2.4679714990779757, 2.5355052980594337]"
4,telco,logistic_regression,AMSCO,"[0.25663186843683755, 0.25663186843683755, 0.5344401289927728, 0.6843426764508405, 0.6843426764508405, 0.6843426764508405, 0.6843426764508405, 0.6843426764508405, 0.6843426764508405]","[0.6222547849254941, 0.6222547849254941, 0.6277054904904662, 0.6323744949402698, 0.6323744949402698, 0.6323744949402698, 0.6323744949402698, 0.6323744949402698, 0.6323744949402698]","[0.8432975142434692, 0.8432975142434692, 0.8435953914055334, 0.8444575555376529, 0.8444575555376529, 0.8444575555376529, 0.8444575555376529, 0.8444575555376529, 0.8444575555376529]","[0.6222547849254941, 0.6196486363718401, 0.6277054904904662, 0.6323744949402698, 0.625992203206013, 0.6283731317503556, 0.6202943343674597, 0.6179049164471742, 0.6220739593503773]","[0.8432975142434692, 0.8396631854773723, 0.8435953914055334, 0.8444575555376529, 0.8443653541062727, 0.8431411381824482, 0.8425970231319164, 0.8392877695281044, 0.8434500032294677]","[2.497953971847892, 4.462383460719138, 6.545453443657607, 8.808956071268767, 11.205077849328518, 13.325808791443706, 15.95798756647855, 17.907454574480653, 20.410070846322924]","[2.497953971847892, 1.9644294888712466, 2.0830699829384685, 2.2635026276111603, 2.396121778059751, 2.1207309421151876, 2.632178775034845, 1.9494670080021024, 2.502616271842271]"
5,breast_cancer,random_forest,Optuna (TPE),"[-2.6296600081868964, -2.6296600081868964, 1.9449318779014528, 1.9449318779014528, 1.9449318779014528, 1.9449318779014528, 3.062023861203672, 3.062023861203672, 3.062023861203672, 3.062023861203672, 3.546712687430458, 3.546712687430458, 3.546712687430458, 3.546712687430458, 3.546712687430458, 3.546712687430458, 3.546712687430458, 4.23455181996568, 4.23455181996568, 4.23455181996568, 4.23455181996568, 4.23455181996568, 4.23455181996568, 4.23455181996568, 4.23455181996568, 4.23455181996568, 4.23455181996568, 4.23455181996568, 4.23455181996568, 4.23455181996568]","[0.9659559058451777, 0.9692343802649648, 0.972092246247732, 0.972092246247732, 0.972092246247732, 0.972092246247732, 0.972092246247732, 0.972092246247732, 0.972092246247732, 0.9721860980164607, 0.9721860980164607, 0.9721860980164607, 0.9721860980164607, 0.9721860980164607, 0.9721860980164607, 0.9721860980164607, 0.9721860980164607, 0.9734320960220242, 0.9734320960220242, 0.9734320960220242, 0.9734320960220242, 0.9734320960220242, 0.9734320960220242, 0.9734320960220242, 0.9734320960220242, 0.9734320960220242, 0.9734320960220242, 0.9734320960220242, 0.9734320960220242, 0.9734320960220242]","[0.9893504220846179, 0.9893504220846179, 0.991471070176442, 0.991471070176442, 0.991471070176442, 0.991471070176442, 0.991809188464118, 0.991809188464118, 0.991809188464118, 0.991809188464118, 0.9921414143777394, 0.9921414143777394, 0.9921414143777394, 0.9921414143777394, 0.9921414143777394, 0.9921414143777394, 0.9921414143777394, 0.9922681004199184, 0.9922681004199184, 0.9922681004199184, 0.9922681004199184, 0.9922681004199184, 0.9922681004199184, 0.9922681004199184, 0.9922681004199184, 0.9922681004199184, 0.9922681004199184, 0.9922681004199184, 0.9922681004199184, 0.9922681004199184]","[0.9659559058451777, 0.9692343802649648, 0.972092246247732, 0.9704407194951902, 0.964741762278087, 0.9659480118920628, 0.970595508149465, 0.9705896922838452, 0.9674159518880016, 0.9721860980164607, 0.9663410496092922, 0.9663410496092922, 0.9663410496092922, 0.9663922915721477, 0.9664757595753095, 0.9649508170615286, 0.965151049626264, 0.9734320960220242, 0.9647724418892303, 0.9651283688914873, 0.9704407194951902, 0.9661754181393128, 0.9665345699397989, 0.9661754181393128, 0.9704712845469805, 0.9662171239051348, 0.9706167771308222, 0.9688965065746871, 0.9648344219707304, 0.9659559058451777]","[0.9893504220846179, 0.9888886722574899, 0.991471070176442, 0.9908159551624995, 0.9900457872125085, 0.9906961796619511, 0.991809188464118, 0.9884472641187347, 0.9906253845207333, 0.9909655824698405, 0.9921414143777394, 0.9920057164693589, 0.9921389231166499, 0.9920060197533175, 0.9915405871924051, 0.9911478561290222, 0.9915493607640677, 0.9922681004199184, 0.9897503453104501, 0.9906156794340548, 0.991810141642274, 0.9917421193829645, 0.9917405379737513, 0.9917421193829645, 0.9891856955687615, 0.9916057499172467, 0.9909002247767397, 0.9918737662841822, 0.9899037853304147, 0.9893510503156753]","[7.183599026873708, 11.289510417729616, 22.78566800802946, 30.57469664188102, 38.54770821519196, 47.99279017234221, 54.46634115325287, 58.46370346238837, 67.35465391865, 76.75648685265332, 82.65324651869014, 88.44175921287388, 94.34405897697434, 99.95233199326321, 105.0934891202487, 117.90940104145557, 122.76711467048153, 129.3336821300909, 139.5874494984746, 146.3355926433578, 153.5388868781738, 159.6654255334288, 164.51091130729765, 170.5982182212174, 178.20087991422042, 181.82828986924142, 186.92604920407757, 195.24711276590824, 201.90483105368912, 208.87006632983685]","[7.183599026873708, 4.105911390855908, 11.496157590299845, 7.789028633851558, 7.9730115733109415, 9.44508195715025, 6.473550980910659, 3.9973623091354966, 8.890950456261635, 9.401832934003323, 5.8967596660368145, 5.788512694183737, 5.902299764100462, 5.6082730162888765, 5.14115712698549, 12.815911921206862, 4.857713629025966, 6.5665674596093595, 10.253767368383706, 6.748143144883215, 7.203294234815985, 6.12653865525499, 4.845485773868859, 6.087306913919747, 7.602661693003029, 3.627409955020994, 5.097759334836155, 8.32106356183067, 6.657718287780881, 6.965235276147723]"
5,breast_cancer,random_forest,AMSCO,"[0.3443679732555261, 0.3443679732555261, 0.3443679732555261, 0.3443679732555261, 0.3443679732555261, 0.3443679732555261, 0.3443679732555261, 0.5474837952135426, 0.5474837952135426, 0.6056136070504908, 0.6056136070504908, 0.6056136070504908, 0.6056136070504908, 0.6056136070504908, 0.6056136070504908, 0.6056136070504908, 0.6056136070504908, 0.6056136070504908]","[0.9661223665207495, 0.9661223665207495, 0.9676976785918203, 0.9676976785918203, 0.9676976785918203, 0.9676976785918203, 0.9676976785918203, 0.9704437614223759, 0.9704437614223759, 0.9718209453894879, 0.9718209453894879, 0.9718209453894879, 0.9718209453894879, 0.9718209453894879, 0.9718209453894879, 0.9718209453894879, 0.9718209453894879, 0.9718209453894879]","[0.9910474474755511, 0.9910474474755511, 0.9910474474755511, 0.9910474474755511, 0.9910474474755511, 0.9910474474755511, 0.9910474474755511, 0.9912505394121837, 0.9912505394121837, 0.991251167643241, 0.991251167643241, 0.991251167643241, 0.991251167643241, 0.991251167643241, 0.9913862373205642, 0.9913862373205642, 0.9913862373205642, 0.9913862373205642]","[0.9661223665207495, 0.9660133989065847, 0.9676976785918203, 0.963316335029764, 0.9646155795048514, 0.9630785124250995, 0.9676360941578332, 0.9704437614223759, 0.9674626928610757, 0.9718209453894879, 0.9674792317734544, 0.9674626928610757, 0.9703576058618733, 0.9676195405698511, 0.9703610261374237, 0.9689632067356904, 0.9630979374445247, 0.9676360941578332]","[0.9910474474755511, 0.9900463937804259, 0.9906328366408614, 0.9901742929584397, 0.989583149196644, 0.9905639261928159, 0.9905414831798718, 0.9912505394121837, 0.9911781628617528, 0.991251167643241, 0.9908986217043866, 0.9912505394121837, 0.9901106466533915, 0.9906403754135494, 0.9913862373205642, 0.9911241999802431, 0.9912215324678474, 0.9905414831798718]","[3.6409824290312827, 9.904865534044802, 16.42529373941943, 20.32648722315207, 28.11479842616245, 35.547398251947016, 43.84619775461033, 48.01929753180593, 51.72994830971584, 56.07189557561651, 62.84773308550939, 67.00460130441934, 74.10695889079943, 83.02027376461774, 88.22371785482392, 93.18565554264933, 98.12163735786453, 106.5142481746152]","[3.6409824290312827, 6.2638831050135195, 6.520428205374628, 3.9011934837326407, 7.78831120301038, 7.432599825784564, 8.298799502663314, 4.173099777195603, 3.7106507779099047, 4.3419472659006715, 6.775837509892881, 4.156868218909949, 7.102357586380094, 8.913314873818308, 5.203444090206176, 4.961937687825412, 4.9359818152152, 8.392610816750675]"
5,breast_cancer,logistic_regression,Optuna (TPE),"[0.6690614028723469, 0.6690614028723469, 0.6690614028723469, 0.6690614028723469, 0.6690614028723469, 0.6690614028723469, 0.6690614028723469, 0.6690614028723469, 0.6690614028723469, 0.6690614028723469, 0.8338088942360578, 0.8338088942360578, 0.8709792639233396, 0.9273920892924485, 0.9273920892924485, 0.9273920892924485, 0.9273920892924485, 0.9273920892924485, 0.9273920892924485, 0.9273920892924485, 0.9273920892924485, 0.9273920892924485, 0.9273920892924485, 0.9273920892924485, 0.9273920892924485, 0.9273920892924485, 0.9273920892924485, 0.9273920892924485, 0.99230842121626, 0.99230842121626]","[0.9789532634852833, 0.9789532634852833, 0.9789532634852833, 0.9789532634852833, 0.9789532634852833, 0.9789532634852833, 0.9789532634852833, 0.9789532634852833, 0.9789532634852833, 0.9789532634852833, 0.9789532634852833, 0.9789532634852833, 0.9804122300506328, 0.9804122300506328, 0.9804122300506328, 0.9804122300506328, 0.9804122300506328, 0.9804122300506328, 0.9804122300506328, 0.9804122300506328, 0.9804122300506328, 0.9804122300506328, 0.9804122300506328, 0.9816343310429708, 0.9816343310429708, 0.9816343310429708, 0.9816343310429708, 0.9816343310429708, 0.9816343310429708, 0.9816343310429708]","[0.9960358836914682, 0.9960358836914682, 0.9960358836914682, 0.9960358836914682, 0.9960358836914682, 0.9960358836914682, 0.9960358836914682, 0.9960358836914682, 0.9960358836914682, 0.9960358836914682, 0.9960358836914682, 0.9960358836914682, 0.9960358836914682, 0.9960358836914682, 0.9960358836914682, 0.9960358836914682, 0.9960358836914682, 0.9960358836914682, 0.9960358836914682, 0.9960358836914682, 0.9960358836914682, 0.9960358836914682, 0.9961007647954914, 0.9961007647954914, 0.9961007647954914, 0.9961007647954914, 0.9961007647954914, 0.9961007647954914, 0.9961007647954914, 0.9961013930265485]","[0.9789532634852833, 0.9691501760650697, 0.9761806527615173, 0.9776942076997297, 0.9704739981260382, 0.9704739981260382, 0.9619309733955876, 0.9748625342603002, 0.9776942076997297, 0.9761806527615173, 0.9789532634852833, 0.9789532634852833, 0.9804122300506328, 0.9804122300506328, 0.9777477968867402, 0.9802163046249444, 0.9777477968867402, 0.9802949710056785, 0.978932628050662, 0.9606516903807162, 0.9790357287200415, 0.9788152112209163, 0.978932628050662, 0.9816343310429708, 0.9788565532651929, 0.9704739981260382, 0.980433933727127, 0.9761806527615173, 0.9816343310429708, 0.9802741777862659]","[0.9960358836914682, 0.9880769110788764, 0.9922880088454933, 0.9950522904871087, 0.9926714247587158, 0.9926714247587158, 0.9902958881627404, 0.9898556714966803, 0.9950516622560514, 0.9929468715826397, 0.9960358836914682, 0.9960358836914682, 0.9960358836914682, 0.9959036085591931, 0.9951764419419187, 0.995903911843152, 0.9954397357443542, 0.9957080120689685, 0.9957030295467897, 0.9884478490235123, 0.9951184280532462, 0.9960358836914682, 0.9961007647954914, 0.9960349305133125, 0.9958384025080715, 0.992870444025046, 0.9953155842895443, 0.99301238091772, 0.9960339989982965, 0.9961013930265485]","[0.2564322599209845, 0.5243705068714917, 0.7813570848666131, 1.0401451485231519, 1.2926167696714401, 1.5502450237981975, 1.8049609088338912, 2.0703383306972682, 2.3256608727388084, 2.580564491916448, 2.8302920488640666, 3.0860314117744565, 3.3416475444100797, 3.592135638464242, 3.8467739317566156, 4.103734478820115, 4.3573364107869565, 4.612192569766194, 4.868757477495819, 5.119941757526249, 5.3761592814698815, 5.6311381994746625, 5.8872841112315655, 6.145600496325642, 6.404183235485107, 6.661373587790877, 6.921758147887886, 7.182290320750326, 7.4368793298490345, 7.69372192164883]","[0.2564322599209845, 0.26793824695050716, 0.2569865779951215, 0.2587880636565387, 0.25247162114828825, 0.2576282541267574, 0.25471588503569365, 0.2653774218633771, 0.25532254204154015, 0.2549036191776395, 0.24972755694761872, 0.2557393629103899, 0.2556161326356232, 0.2504880940541625, 0.2546382932923734, 0.2569605470634997, 0.2536019319668412, 0.2548561589792371, 0.2565649077296257, 0.25118428003042936, 0.25621752394363284, 0.254978918004781, 0.25614591175690293, 0.2583163850940764, 0.25858273915946484, 0.2571903523057699, 0.26038456009700894, 0.26053217286244035, 0.25458900909870863, 0.2568425917997956]"
5,breast_cancer,logistic_regression,AMSCO,"[0.7220453139872021, 0.7220453139872021, 0.7220453139872021, 0.7220453139872021, 0.7220453139872021, 0.7220453139872021, 0.7220453139872021, 0.7220453139872021, 0.7220453139872021]","[0.9789532634852833, 0.9789532634852833, 0.9789532634852833, 0.9789532634852833, 0.9789532634852833, 0.9789532634852833, 0.9802741777862659, 0.9802741777862659, 0.9802741777862659]","[0.9960358836914682, 0.9960358836914682, 0.9960358836914682, 0.9960358836914682, 0.9960358836914682, 0.9960358836914682, 0.9961669023616289, 0.9961669023616289, 0.9961669023616289]","[0.9789532634852833, 0.960609134315128, 0.9676783647531053, 0.9789322711606021, 0.9748027398942428, 0.9748625342603002, 0.9802741777862659, 0.9562735865868601, 0.9748027398942428]","[0.9960358836914682, 0.98983231863186, 0.9924071994412642, 0.9959036085591931, 0.991694655443427, 0.9894607307930269, 0.9961669023616289, 0.9877209856901963, 0.991694655443427]","[0.24922853289172053, 0.49810173409059644, 0.7452787458896637, 0.9928773706778884, 1.248513345606625, 1.5151696815155447, 1.7720337305217981, 2.0208233445882797, 2.27185933990404]","[0.24922853289172053, 0.2488732011988759, 0.24717701179906726, 0.2475986247882247, 0.2556359749287367, 0.2666563359089196, 0.2568640490062535, 0.2487896140664816, 0.2510359953157604]"
5,telco,random_forest,Optuna (TPE),"[0.9507281189108758, 0.9507281189108758, 0.9507281189108758, 0.9507281189108758, 0.9507281189108758, 0.9507281189108758, 0.9507281189108758, 0.9507281189108758, 0.9507281189108758, 0.9507281189108758, 0.9507281189108758, 1.0905864523727042, 1.1477376458753374, 1.2370648726471227, 1.3833874845337588, 1.408005037681702, 1.6419548780416515, 1.6419548780416515, 1.653012626755463, 1.653012626755463, 1.7992316569805176, 1.9157770767489617, 1.9157770767489617, 1.9157770767489617, 1.9157770767489617, 1.9157770767489617, 1.9157770767489617, 1.9157770767489617, 1.9157770767489617, 1.9157770767489617]","[0.5947742688313278, 0.5947742688313278, 0.5978789358213437, 0.5978789358213437, 0.5978789358213437, 0.5978789358213437, 0.5978789358213437, 0.5978789358213437, 0.5978789358213437, 0.6030925523715972, 0.6030925523715972, 0.6030925523715972, 0.6030925523715972, 0.6030925523715972, 0.6030925523715972, 0.6030925523715972, 0.6185677693836453, 0.6185677693836453, 0.6187668163531456, 0.6187668163531456, 0.6187668163531456, 0.6187668163531456, 0.6187668163531456, 0.6187668163531456, 0.6187668163531456, 0.6187668163531456, 0.6187668163531456, 0.6187668163531456, 0.6187668163531456, 0.6187668163531456]","[0.8117877730208856, 0.8117877730208856, 0.8126066297189641, 0.8126066297189641, 0.8126066297189641, 0.8126066297189641, 0.8126066297189641, 0.8126066297189641, 0.8126066297189641, 0.8185928082185597, 0.8185928082185597, 0.8185928082185597, 0.8185928082185597, 0.8185928082185597, 0.8185928082185597, 0.8185928082185597, 0.8305998160770478, 0.8305998160770478, 0.8308386312892375, 0.8308406150226995, 0.8308406150226995, 0.8308406150226995, 0.8308406150226995, 0.8308406150226995, 0.8308406150226995, 0.8308406150226995, 0.8308406150226995, 0.8308406150226995, 0.8308406150226995, 0.8308406150226995]","[0.5947742688313278, 0.46465581703281744, 0.5978789358213437, 0.5934505783394621, 0.5940390113374279, 0.59036186746679, 0.512303146073976, 0.46465581703281744, 0.5939142792948207, 0.6030925523715972, 0.5970369118130667, 0.593739559773181, 0.5911510690122197, 0.5921513227647527, 0.5941883811311447, 0.5945928010269951, 0.6185677693836453, 0.6125893765794432, 0.6187668163531456, 0.6169367932309632, 0.6176962292205485, 0.6142838534006142, 0.6117513831140471, 0.6117513831140471, 0.6163367226217575, 0.6110689098802885, 0.6136437574669061, 0.5880253852087084, 0.6112169877784838, 0.5813543000671227]","[0.8117877730208856, 0.6134770306785579, 0.8126066297189641, 0.8097393894502277, 0.8115097701742515, 0.8102187937156792, 0.7100616455849583, 0.6134622911798042, 0.810743068976028, 0.8185928082185597, 0.8150434913447485, 0.8141347620478339, 0.8139017179339237, 0.8137425325858836, 0.8145646189807036, 0.8146540038782728, 0.8305998160770478, 0.8289529563552278, 0.8308386312892375, 0.8308406150226995, 0.8298359487382221, 0.8299487214061889, 0.8275003426311273, 0.8275003426311273, 0.8289780829906613, 0.8241924877064047, 0.8249175580576878, 0.8134893879935348, 0.8248368771789447, 0.8072645663239012]","[11.015401364304125, 17.88309357035905, 34.93119198549539, 46.78810596326366, 58.96791937202215, 73.05933043034747, 83.08515754761174, 89.69197787251323, 102.81318362243474, 116.73936539748684, 134.9011130668223, 145.11133638117462, 154.8763901628554, 164.13582701422274, 172.61995015107095, 180.96378905512393, 189.1478759739548, 197.42882975330576, 205.55603746138513, 222.1744147813879, 229.36416329210624, 235.72385234711692, 242.035820921883, 248.30396129051223, 255.0450441655703, 261.23932730359957, 270.3813091814518, 277.69597617024556, 288.7737940582447, 296.1675809295848]","[11.015401364304125, 6.867692206054926, 17.048098415136337, 11.856913977768272, 12.179813408758491, 14.09141105832532, 10.02582711726427, 6.606820324901491, 13.1212057499215, 13.9261817750521, 18.161747669335455, 10.210223314352334, 9.765053781680763, 9.259436851367354, 8.484123136848211, 8.343838904052973, 8.184086918830872, 8.280953779350966, 8.127207708079368, 16.618377320002764, 7.189748510718346, 6.359689055010676, 6.31196857476607, 6.268140368629247, 6.741082875058055, 6.194283138029277, 9.141981877852231, 7.3146669887937605, 11.077817887999117, 7.393786871340126]"
5,telco,random_forest,AMSCO,"[0.6100552278945298, 0.6306151390729795, 0.6306151390729795, 0.6317447600151413, 0.6317447600151413, 0.6317447600151413, 0.6317447600151413, 0.6317447600151413, 0.6462208675510042, 0.6729115457618715, 0.6729115457618715, 0.6729115457618715, 0.696746270678142, 0.696746270678142, 0.696746270678142, 0.696746270678142, 0.696746270678142, 0.696746270678142, 0.696746270678142]","[0.5931048001951634, 0.5931048001951634, 0.5931048001951634, 0.5931048001951634, 0.5931048001951634, 0.5956142826486757, 0.5956142826486757, 0.5956142826486757, 0.5956142826486757, 0.5956142826486757, 0.5956142826486757, 0.5956142826486757, 0.5956142826486757, 0.5956142826486757, 0.5956142826486757, 0.5956142826486757, 0.5956142826486757, 0.5956142826486757, 0.5956142826486757]","[0.8143752850152289, 0.8143752850152289, 0.8143752850152289, 0.8143752850152289, 0.8143752850152289, 0.8143752850152289, 0.8143752850152289, 0.8143752850152289, 0.8143752850152289, 0.8148544939635929, 0.8148544939635929, 0.8148544939635929, 0.8148544939635929, 0.8154141776781095, 0.8154141776781095, 0.8154141776781095, 0.8154141776781095, 0.8154141776781095, 0.8154141776781095]","[0.5931048001951634, 0.577396228231951, 0.5852491707572872, 0.5909588130354366, 0.5928542408054248, 0.5956142826486757, 0.5931403933186459, 0.5929438698636073, 0.5924171161625958, 0.5908486672607721, 0.5930998759771227, 0.591445592695813, 0.5936931679386757, 0.5933951612877205, 0.5926494712043425, 0.5885606556790514, 0.5887714332812631, 0.593605069641022, 0.5899757653739301]","[0.8143752850152289, 0.8050989689993997, 0.8069491721061489, 0.8140591797832888, 0.8102571220824724, 0.8111057477227501, 0.8137183554349351, 0.8141786693613925, 0.8141896424928732, 0.8148544939635929, 0.8142381042548028, 0.8140229293723203, 0.8114481232724253, 0.8154141776781095, 0.8148863082587555, 0.8136371713646475, 0.8137580847374444, 0.8148688804433023, 0.8110599803903054]","[11.727989975828677, 18.782435359898955, 27.931228226982057, 38.00970562407747, 53.653469720855355, 65.41930707683787, 80.6705702948384, 91.49738359590992, 100.943277138751, 108.62299627345055, 117.49248333927244, 127.46464026812464, 133.79895152617246, 141.71811039047316, 152.9302478171885, 160.49914558744058, 167.7352139488794, 175.90140780480579, 182.38029744988307]","[11.727989975828677, 7.054445384070277, 9.148792867083102, 10.078477397095412, 15.643764096777886, 11.765837355982512, 15.251263218000531, 10.826813301071525, 9.445893542841077, 7.679719134699553, 8.869487065821886, 9.9721569288522, 6.334311258047819, 7.919158864300698, 11.212137426715344, 7.568897770252079, 7.236068361438811, 8.166193855926394, 6.478889645077288]"
5,telco,logistic_regression,Optuna (TPE),"[0.6536277348819423, 0.6536277348819423, 0.6536277348819423, 0.8740478782995994, 0.8740478782995994, 0.8740478782995994, 0.8740478782995994, 0.8740478782995994, 0.8740478782995994, 0.8740478782995994, 0.8740478782995994, 0.9074202182589856, 0.9074202182589856, 0.9074202182589856, 0.9147932685292014, 0.9147932685292014, 0.9147932685292014, 0.9147932685292014, 0.9147932685292014, 0.9147932685292014, 0.9147932685292014, 0.9147932685292014, 0.9147932685292014, 0.9147932685292014, 0.9147932685292014, 0.9147932685292014, 0.9402972360880887, 0.9402972360880887, 0.9402972360880887, 0.9402972360880887]","[0.6273312981253631, 0.6273312981253631, 0.6273312981253631, 0.6304458732495485, 0.6304458732495485, 0.6304458732495485, 0.6304458732495485, 0.6304458732495485, 0.6304458732495485, 0.6304458732495485, 0.6304458732495485, 0.6318226331754584, 0.6321155262623949, 0.6321155262623949, 0.6327493081823865, 0.6327493081823865, 0.6327493081823865, 0.6327493081823865, 0.6327493081823865, 0.6327493081823865, 0.6327493081823865, 0.6327493081823865, 0.6327493081823865, 0.6327493081823865, 0.6327493081823865, 0.6327493081823865, 0.6330786254345948, 0.6330786254345948, 0.6330786254345948, 0.6330786254345948]","[0.8435141570705478, 0.8435141570705478, 0.8438981507204725, 0.8446247764701745, 0.8446247764701745, 0.8446247764701745, 0.8446247764701745, 0.8446247764701745, 0.8446247764701745, 0.8446247764701745, 0.8446247764701745, 0.8446247764701745, 0.8446247764701745, 0.8446247764701745, 0.8446247764701745, 0.8446247764701745, 0.8446247764701745, 0.8446247764701745, 0.8446247764701745, 0.8446247764701745, 0.8446247764701745, 0.8446247764701745, 0.8446247764701745, 0.8446247764701745, 0.8446247764701745, 0.8446247764701745, 0.8446247764701745, 0.8446247764701745, 0.8446247764701745, 0.8446247764701745]","[0.6273312981253631, 0.6163750303589133, 0.6220640270022334, 0.6304458732495485, 0.6274093114070565, 0.6274093114070565, 0.6200958905225169, 0.6199568227590312, 0.6294421468509921, 0.6220771972243465, 0.6272442438376004, 0.6318226331754584, 0.6321155262623949, 0.6266054307386011, 0.6327493081823865, 0.621854442947742, 0.6277181328304219, 0.63073856380477, 0.6288684318628385, 0.6208012609195941, 0.6271954026766212, 0.6311874921799238, 0.6314870906739085, 0.62863895153832, 0.6313482166526786, 0.6226453970078835, 0.6330786254345948, 0.6276013454042859, 0.6276119996203585, 0.6276868086063926]","[0.8435141570705478, 0.8420608939149208, 0.8438981507204725, 0.8446247764701745, 0.8426611408066886, 0.8426606245167969, 0.8409627090351647, 0.8426254555329689, 0.8446211517452331, 0.8441075154320142, 0.8436983291438468, 0.8445807393393023, 0.8443029511206916, 0.8434314008677065, 0.8442822693991612, 0.8438914273961311, 0.8433124319514155, 0.8441136500454312, 0.8445870738044938, 0.8428864840268527, 0.8433403343057948, 0.8440820991271852, 0.8445630799875374, 0.844458907064702, 0.8443515585800482, 0.8431067400284817, 0.8444839440124602, 0.8436833261744017, 0.8438462735693701, 0.8434981312430996]","[2.1194199537858367, 4.767831059638411, 7.264602288603783, 9.608194161672145, 11.664830218534917, 13.728345568757504, 15.767594369594008, 18.43598785577342, 20.79112782748416, 23.32342691719532, 25.48281881213188, 27.836468977387995, 30.11229949258268, 32.23040160769597, 34.476557618007064, 37.01394170476124, 39.102783143054694, 41.34136545006186, 43.73792802868411, 46.362301611341536, 48.441765117459, 50.67302015936002, 53.02049828507006, 55.44772722013295, 57.729836106300354, 60.30388331459835, 62.619493077509105, 64.75600893655792, 66.94392154691741, 69.04328947793692]","[2.1194199537858367, 2.648411105852574, 2.496771228965372, 2.3435918730683625, 2.0566360568627715, 2.0635153502225876, 2.0392488008365035, 2.6683934861794114, 2.3551399717107415, 2.5322990897111595, 2.1593918949365616, 2.353650165256113, 2.2758305151946843, 2.118102115113288, 2.246156010311097, 2.537384086754173, 2.088841438293457, 2.2385823070071638, 2.3965625786222517, 2.6243735826574266, 2.079463506117463, 2.231255041901022, 2.3474781257100403, 2.4272289350628853, 2.282108886167407, 2.5740472082979977, 2.3156097629107535, 2.1365158590488136, 2.18791261035949, 2.099367931019515]"
5,telco,logistic_regression,AMSCO,"[0.6520734533086651, 0.6520734533086651, 0.6520734533086651, 0.6520734533086651, 0.6520734533086651, 0.6520734533086651, 0.6520734533086651, 0.6520734533086651, 0.6520734533086651]","[0.6311874921799238, 0.6311874921799238, 0.6311874921799238, 0.6311874921799238, 0.6311874921799238, 0.6311874921799238, 0.6311874921799238, 0.6311874921799238, 0.6311874921799238]","[0.844081064276709, 0.844081064276709, 0.844081064276709, 0.844081064276709, 0.844081064276709, 0.844081064276709, 0.844081064276709, 0.844081064276709, 0.844081064276709]","[0.6311874921799238, 0.622661706573411, 0.6216693399200649, 0.6208676535961931, 0.6166546613434828, 0.6195988950255785, 0.6272065157280005, 0.6179049164471742, 0.6219783929055914]","[0.844081064276709, 0.8434034858376368, 0.8436241550370266, 0.8429293971996386, 0.8420350278146582, 0.8424564014065472, 0.8436595179661491, 0.8392877695281044, 0.8434665451190686]","[2.2119351280853152, 4.746427967213094, 7.238597839139402, 9.82573774503544, 12.445828435011208, 15.105755183845758, 17.268005934078246, 19.25854577496648, 21.78468311112374]","[2.2119351280853152, 2.534492839127779, 2.4921698719263077, 2.587139905896038, 2.6200906899757683, 2.6599267488345504, 2.162250750232488, 1.990539840888232, 2.5261373361572623]"
6,breast_cancer,random_forest,Optuna (TPE),"[0.06055621267346015, 0.36093461312144687, 0.8810014638946201, 0.8810014638946201, 0.8810014638946201, 0.8810014638946201, 0.9024598323108687, 0.9024598323108687, 0.9024598323108687, 0.9024598323108687, 0.9024598323108687, 0.9024598323108687, 0.9024598323108687, 0.9024598323108687, 0.9024598323108687, 0.9024598323108687, 0.9024598323108687, 0.9024598323108687, 0.9024598323108687, 0.9024598323108687, 0.9024598323108687, 0.9024598323108687, 0.9599131933405887, 0.9599131933405887, 0.9599131933405887, 0.9599131933405887, 0.9599131933405887, 0.9599131933405887, 0.9599131933405887, 0.9599131933405887]","[0.9659559058451777, 0.9692343802649648, 0.972092246247732, 0.972092246247732, 0.972092246247732, 0.972092246247732, 0.972092246247732, 0.972092246247732, 0.972092246247732, 0.9721860980164607, 0.9721860980164607, 0.9721860980164607, 0.9721860980164607, 0.9721860980164607, 0.9721860980164607, 0.9721860980164607, 0.9721860980164607, 0.9721860980164607, 0.9721860980164607, 0.9721860980164607, 0.9721860980164607, 0.9721860980164607, 0.9721860980164607, 0.9721860980164607, 0.9721860980164607, 0.9721860980164607, 0.9721860980164607, 0.9721860980164607, 0.9721860980164607, 0.9721860980164607]","[0.9893504220846179, 0.9893504220846179, 0.991471070176442, 0.991471070176442, 0.991471070176442, 0.991471070176442, 0.991809188464118, 0.991809188464118, 0.991809188464118, 0.991809188464118, 0.9921414143777394, 0.9921414143777394, 0.9921414143777394, 0.9921414143777394, 0.9921414143777394, 0.9921414143777394, 0.9921414143777394, 0.9921414143777394, 0.9921414143777394, 0.9929902845150143, 0.9929902845150143, 0.9929902845150143, 0.9929902845150143, 0.9929902845150143, 0.9929902845150143, 0.9929902845150143, 0.9929902845150143, 0.9929902845150143, 0.9929902845150143, 0.9929902845150143]","[0.9659559058451777, 0.9692343802649648, 0.972092246247732, 0.9704407194951902, 0.964741762278087, 0.9659480118920628, 0.970595508149465, 0.9705896922838452, 0.9674159518880016, 0.9721860980164607, 0.9663410496092922, 0.9678076620203443, 0.9651970265881588, 0.9634285566090212, 0.9652413460487995, 0.9664313717482141, 0.9666297764610838, 0.9691302883783981, 0.9678196640435717, 0.9678697502427613, 0.9663793047194897, 0.9664103463373144, 0.9692715052666623, 0.9677700976970657, 0.9690739688639505, 0.9664311992202255, 0.9663391093568862, 0.9677700976970657, 0.9678697502427613, 0.9687911766843624]","[0.9893504220846179, 0.9888886722574899, 0.991471070176442, 0.9908159551624995, 0.9900457872125085, 0.9906961796619511, 0.991809188464118, 0.9884472641187347, 0.9906253845207333, 0.9909655824698405, 0.9921414143777394, 0.9912158567251919, 0.9907766365635673, 0.9907494709861234, 0.9908200061696621, 0.9911450399208344, 0.9908137888485088, 0.9918095134112166, 0.9895188746605387, 0.9929902845150143, 0.9907532403724675, 0.9926621096085558, 0.9927276189436359, 0.9926667888467758, 0.9889199105052363, 0.9912114807709305, 0.9897774892247542, 0.992861757105943, 0.9886200709857768, 0.9896127843720375]","[7.4511681869626045, 11.784311826340854, 23.88965144660324, 31.939850226975977, 40.17411884106696, 49.95679769432172, 56.736082268413156, 60.83416614448652, 70.07701290631667, 79.88067914126441, 86.02070491807535, 98.80731889791787, 111.56979058263823, 122.58223277283832, 128.85656977072358, 140.00156389037147, 146.13673792919144, 157.61676920717582, 168.17400513682514, 173.0116130481474, 180.4996912619099, 185.68764171469957, 190.6663484517485, 196.13900992181152, 203.34489410882816, 215.88431089092046, 222.56856398284435, 228.16509769391268, 232.7393664647825, 241.30754586681724]","[7.4511681869626045, 4.33314363937825, 12.105339620262384, 8.050198780372739, 8.234268614090979, 9.782678853254765, 6.7792845740914345, 4.09808387607336, 9.242846761830151, 9.803666234947741, 6.140025776810944, 12.786613979842514, 12.762471684720367, 11.01244219020009, 6.274336997885257, 11.14499411964789, 6.135174038819969, 11.48003127798438, 10.557235929649323, 4.837607911322266, 7.488078213762492, 5.187950452789664, 4.978706737048924, 5.472661470063031, 7.205884187016636, 12.539416782092303, 6.6842530919238925, 5.596533711068332, 4.574268770869821, 8.56817940203473]"
6,breast_cancer,random_forest,AMSCO,"[0.247336776861863, 0.247336776861863, 0.247336776861863, 0.247336776861863, 0.25012861851149015, 0.3734585799813591, 0.3734585799813591, 0.3734585799813591, 0.4862486128324057, 0.5270589067114092, 0.5420269878297688, 0.5420269878297688, 0.5420269878297688, 0.5420269878297688, 0.5420269878297688, 0.5420269878297688, 0.5420269878297688, 0.5420269878297688, 0.5420269878297688, 0.5420269878297688, 0.5420269878297688]","[0.9649836578005593, 0.9649836578005593, 0.9677551445005582, 0.9677551445005582, 0.9703576058618733, 0.9703576058618733, 0.9703576058618733, 0.9703576058618733, 0.9703576058618733, 0.9704187670271945, 0.9704187670271945, 0.9704187670271945, 0.9704187670271945, 0.9704187670271945, 0.9704187670271945, 0.9704187670271945, 0.9704187670271945, 0.9704187670271945, 0.9704187670271945, 0.9704187670271945, 0.9704187670271945]","[0.9908028706259955, 0.9908028706259955, 0.9908028706259955, 0.9908028706259955, 0.9908028706259955, 0.9913440591871643, 0.9913440591871643, 0.9917396281218751, 0.9918737662841824, 0.9918737662841824, 0.9920047849543427, 0.9920047849543427, 0.9920047849543427, 0.9920047849543427, 0.9920047849543427, 0.9920047849543427, 0.9920047849543427, 0.9920047849543427, 0.9920047849543427, 0.9920047849543427, 0.9920047849543427]","[0.9649836578005593, 0.9631360054865065, 0.9677551445005582, 0.9676799514568788, 0.9703576058618733, 0.9690777708586122, 0.9676508800860031, 0.9678076620203443, 0.9689813155897431, 0.9704187670271945, 0.9704187670271945, 0.9675555104061047, 0.9691169467428459, 0.9675403929387757, 0.9689813155897431, 0.9691169467428459, 0.9690210140737937, 0.9649199008140427, 0.9660133989065847, 0.9690777708586122, 0.9689813155897431]","[0.9908028706259955, 0.9901022196919674, 0.9905570373143252, 0.9895132422441627, 0.989881060696652, 0.9913440591871643, 0.9911462963829489, 0.9917396281218751, 0.9918737662841824, 0.9918706467920355, 0.9920047849543427, 0.991544334915609, 0.9919383441042464, 0.9903683080394512, 0.9918737662841822, 0.9918073254340861, 0.9908350187256181, 0.9893141796515528, 0.9891217459797546, 0.9916082845046159, 0.9920047849543427]","[6.979800281114876, 20.45629008114338, 32.70741220097989, 40.444644215051085, 54.02611748594791, 65.32589742960408, 78.20804821467027, 89.55892413202673, 97.44960417924449, 106.19548245007172, 114.79851811518893, 125.30334313726053, 132.09827289404348, 140.23856810480356, 148.4719983697869, 155.1780695016496, 162.5971684474498, 169.11898003751412, 179.02352283941582, 189.05257052462548, 197.48054941743612]","[6.979800281114876, 13.476489800028503, 12.25112211983651, 7.737232014071196, 13.581473270896822, 11.299779943656176, 12.882150785066187, 11.350875917356461, 7.8906800472177565, 8.745878270827234, 8.603035665117204, 10.5048250220716, 6.794929756782949, 8.140295210760087, 8.233430264983326, 6.7060711318627, 7.419098945800215, 6.521811590064317, 9.904542801901698, 10.029047685209662, 8.427978892810643]"
6,breast_cancer,logistic_regression,Optuna (TPE),"[1.1188227606850814, 1.1188227606850814, 1.1188227606850814, 1.1188227606850814, 1.1188227606850814, 1.1188227606850814, 1.1188227606850814, 1.1188227606850814, 1.1188227606850814, 1.1188227606850814, 1.1512587910870873, 1.1512587910870873, 1.2100167904531385, 1.2100167904531385, 1.2100167904531385, 1.2100167904531385, 1.2100167904531385, 1.2100167904531385, 1.2100167904531385, 1.2100167904531385, 1.2100167904531385, 1.2100167904531385, 1.2100167904531385, 1.2100167904531385, 1.2100167904531385, 1.2100167904531385, 1.2100167904531385, 1.2100167904531385, 1.2100167904531385, 1.2100167904531385]","[0.9789532634852833, 0.9789532634852833, 0.9789532634852833, 0.9789532634852833, 0.9789532634852833, 0.9789532634852833, 0.9789532634852833, 0.9789532634852833, 0.9789532634852833, 0.9789532634852833, 0.9789532634852833, 0.9789532634852833, 0.9804122300506328, 0.9804122300506328, 0.9804122300506328, 0.9804122300506328, 0.9804122300506328, 0.9804122300506328, 0.9804122300506328, 0.9804122300506328, 0.9804122300506328, 0.9804122300506328, 0.9804122300506328, 0.9804122300506328, 0.9804122300506328, 0.9804122300506328, 0.980433933727127, 0.980433933727127, 0.980433933727127, 0.980433933727127]","[0.9960358836914682, 0.9960358836914682, 0.9960358836914682, 0.9960358836914682, 0.9960358836914682, 0.9960358836914682, 0.9960358836914682, 0.9960358836914682, 0.9960358836914682, 0.9960358836914682, 0.9960358836914682, 0.9960358836914682, 0.9960358836914682, 0.9960358836914682, 0.9960358836914682, 0.9960358836914682, 0.9960358836914682, 0.9960358836914682, 0.9960358836914682, 0.9960358836914682, 0.9960358836914682, 0.9960358836914682, 0.9961007647954911, 0.9961007647954914, 0.9961007647954914, 0.9961007647954914, 0.9961007647954914, 0.9961007647954914, 0.9961007647954914, 0.9961007647954914]","[0.9789532634852833, 0.9691501760650697, 0.9761806527615173, 0.9776942076997297, 0.9704739981260382, 0.9704739981260382, 0.9619309733955876, 0.9748625342603002, 0.9776942076997297, 0.9761806527615173, 0.9789532634852833, 0.9789532634852833, 0.9804122300506328, 0.9804122300506328, 0.9777477968867402, 0.9802163046249444, 0.9777477968867402, 0.9802949710056785, 0.978932628050662, 0.9606516903807162, 0.9790357287200415, 0.9802163046249444, 0.9802741777862659, 0.978932628050662, 0.9704739981260382, 0.9802741777862659, 0.980433933727127, 0.9761806527615173, 0.978932628050662, 0.9802741777862659]","[0.9960358836914682, 0.9880769110788764, 0.9922880088454933, 0.9950522904871087, 0.9926714247587158, 0.9926714247587158, 0.9902958881627404, 0.9898556714966803, 0.9950516622560514, 0.9929468715826397, 0.9960358836914682, 0.9960358836914682, 0.9960358836914682, 0.9959036085591931, 0.9951764419419187, 0.995903911843152, 0.9954397357443542, 0.9957080120689685, 0.9957030295467897, 0.9884478490235123, 0.9951184280532462, 0.9959694211782321, 0.9961007647954911, 0.9961007647954914, 0.9932647564976422, 0.9961007647954911, 0.9953155842895443, 0.99301238091772, 0.9961007647954914, 0.9960358836914682]","[0.25979252392426133, 0.5331143182702363, 0.8013679999858141, 1.0647796289995313, 1.3211930799297988, 1.581522319931537, 1.837956550065428, 2.1075768820010126, 2.3718615709804, 2.6337742768228054, 2.8912778035737574, 3.1526461015455425, 3.413694162853062, 3.6748822419904172, 3.93608963675797, 4.202074220404029, 4.463748381473124, 4.727198104374111, 4.985396226402372, 5.245690844487399, 5.511779185850173, 5.774116056039929, 6.035413792356849, 6.297176559455693, 6.556066334247589, 6.8182636559940875, 7.082716605160385, 7.346706753131002, 7.604635602328926, 7.86922604450956]","[0.25979252392426133, 0.2733217943459749, 0.26825368171557784, 0.2634116290137172, 0.2564134509302676, 0.26032924000173807, 0.2564342301338911, 0.26962033193558455, 0.2642846889793873, 0.26191270584240556, 0.257503526750952, 0.26136829797178507, 0.2610480613075197, 0.2611880791373551, 0.2612073947675526, 0.26598458364605904, 0.26167416106909513, 0.26344972290098667, 0.2581981220282614, 0.26029461808502674, 0.26608834136277437, 0.26233687018975616, 0.2612977363169193, 0.26176276709884405, 0.25888977479189634, 0.26219732174649835, 0.2644529491662979, 0.2639901479706168, 0.25792884919792414, 0.26459044218063354]"
6,breast_cancer,logistic_regression,AMSCO,"[0.4550920500928739, 0.5206829797534673, 0.7379260442489236, 0.7379260442489236, 0.7379260442489236, 0.7379260442489236, 0.7379260442489236, 0.7379260442489236, 0.7379260442489236]","[0.9761806527615173, 0.9761806527615173, 0.9802949710056785, 0.9802949710056785, 0.9802949710056785, 0.9802949710056785, 0.9802949710056785, 0.9802949710056785, 0.9802949710056785]","[0.9929468715826397, 0.9940558943670638, 0.9957080120689685, 0.9957080120689685, 0.9957080120689685, 0.9957080120689685, 0.9957080120689685, 0.9957080120689685, 0.9957080120689685]","[0.9761806527615173, 0.9719107797352334, 0.9802949710056785, 0.9606516903807162, 0.9790357287200415, 0.9647589307654822, 0.9748027398942428, 0.9562735865868601, 0.9748027398942428]","[0.9929468715826397, 0.9940558943670638, 0.9957080120689685, 0.98857949592473, 0.9951184280532462, 0.990888916617708, 0.9916285178772896, 0.9877209856901963, 0.9916285178772896]","[0.2626465349458158, 0.5165102519094944, 0.7722623879089952, 1.0214517200365663, 1.274449071381241, 1.5288744582794607, 1.793034537229687, 2.0479606282897294, 2.3037178814411163]","[0.2626465349458158, 0.2538637169636786, 0.25575213599950075, 0.2491893321275711, 0.2529973513446748, 0.2544253868982196, 0.2641600789502263, 0.2549260910600424, 0.255757253151387]"
6,telco,random_forest,Optuna (TPE),"[8.784263887371864, 8.784263887371864, 8.784263887371864, 8.784263887371864, 8.784263887371864, 8.784263887371864, 8.784263887371864, 8.784263887371864, 8.784263887371864, 9.497446706009558, 9.497446706009558, 9.497446706009558, 10.91249567961821, 11.092753142696491, 11.092753142696491, 11.298677905956776, 11.298677905956776, 11.298677905956776, 11.298677905956776, 11.298677905956776, 11.298677905956776, 11.298677905956776, 11.298677905956776, 11.298677905956776, 11.298677905956776, 11.298677905956776, 11.298677905956776, 11.298677905956776, 11.298677905956776, 11.298677905956776]","[0.5947742688313278, 0.5947742688313278, 0.5978789358213437, 0.5978789358213437, 0.5978789358213437, 0.5978789358213437, 0.5978789358213437, 0.5978789358213437, 0.5978789358213437, 0.6030925523715972, 0.6030925523715972, 0.6030925523715972, 0.6153939311134996, 0.6169032600816708, 0.6169032600816708, 0.619717589925852, 0.619717589925852, 0.619717589925852, 0.619717589925852, 0.619717589925852, 0.619717589925852, 0.619717589925852, 0.619717589925852, 0.619717589925852, 0.619717589925852, 0.619717589925852, 0.619738355195195, 0.619738355195195, 0.6204638082374995, 0.6204638082374995]","[0.8117877730208856, 0.8117877730208856, 0.8126066297189641, 0.8126066297189641, 0.8126066297189641, 0.8126066297189641, 0.8126066297189641, 0.8126066297189641, 0.8126066297189641, 0.8185928082185597, 0.8185928082185597, 0.8185928082185597, 0.8287810981617012, 0.8300617029524368, 0.8300617029524368, 0.8307036678147458, 0.8307036678147458, 0.8307036678147458, 0.8307036678147458, 0.8307036678147458, 0.8307036678147458, 0.8307036678147458, 0.8307036678147458, 0.8307036678147458, 0.8307036678147458, 0.8307036678147458, 0.8308666850372008, 0.8308666850372008, 0.8321099707398678, 0.8321099707398678]","[0.5947742688313278, 0.46465581703281744, 0.5978789358213437, 0.5934505783394621, 0.5940390113374279, 0.59036186746679, 0.512303146073976, 0.46465581703281744, 0.5939142792948207, 0.6030925523715972, 0.5498446453583347, 0.5931297197244236, 0.6153939311134996, 0.6169032600816708, 0.6120847272177422, 0.619717589925852, 0.5945928010269951, 0.611497216758198, 0.5923923551963888, 0.6177594782195797, 0.5920186224659398, 0.6128100040217831, 0.6128600151320049, 0.6142724296728221, 0.6122828631435879, 0.5922882146772958, 0.619738355195195, 0.5938946349624409, 0.6204638082374995, 0.5943700930935989]","[0.8117877730208856, 0.6134770306785579, 0.8126066297189641, 0.8097393894502277, 0.8115097701742515, 0.8102187937156792, 0.7100616455849583, 0.6134622911798042, 0.810743068976028, 0.8185928082185597, 0.7519995875821783, 0.8142894210317527, 0.8287810981617012, 0.8300617029524368, 0.8277583934443546, 0.8307036678147458, 0.8146540038782728, 0.8264445870207741, 0.8154257562868011, 0.82947328506113, 0.8139542225892964, 0.8277294608217437, 0.8294886274669919, 0.8257129593696307, 0.8276051241096702, 0.8116369682438791, 0.8308666850372008, 0.8143272422972567, 0.8321099707398678, 0.8114145268263929]","[10.989108089823276, 17.938432690687478, 35.11912753479555, 46.99458265071735, 59.29058177350089, 73.34824926126748, 83.47966049145907, 90.19933376833797, 103.57137018395588, 117.73151401570067, 136.49553527636454, 151.9391111312434, 162.1775942654349, 171.80183132970706, 180.9715042579919, 189.9549248921685, 198.36703497217968, 206.62948122713715, 214.29151182202622, 224.93440913734958, 233.9767662785016, 244.64191077742726, 256.3296202663332, 263.7671281611547, 272.8041319963522, 278.90082171047106, 291.7459144066088, 306.37839423678815, 319.1664678938687, 331.9554937966168]","[10.989108089823276, 6.949324600864202, 17.180694844108075, 11.875455115921795, 12.295999122783542, 14.057667487766594, 10.131411230191588, 6.719673276878893, 13.372036415617913, 14.16014383174479, 18.764021260663867, 15.443575854878873, 10.238483134191483, 9.624237064272165, 9.169672928284854, 8.983420634176582, 8.412110080011189, 8.262446254957467, 7.662030594889075, 10.642897315323353, 9.042357141152024, 10.665144498925656, 11.687709488905966, 7.437507894821465, 9.037003835197538, 6.096689714118838, 12.845092696137726, 14.632479830179363, 12.788073657080531, 12.789025902748108]"
6,telco,random_forest,AMSCO,"[0.5787672283569084, 0.6473954677025361, 0.6473954677025361, 0.6735059386246873, 0.6735059386246873, 0.6735059386246873, 0.6735059386246873, 0.7052423712050703, 0.7052423712050703, 0.7052423712050703, 0.7052423712050703, 0.7052423712050703, 0.7052423712050703, 0.7052423712050703, 0.7817851499872053, 0.7817851499872053, 0.7817851499872053, 0.7817851499872053, 0.7817851499872053, 0.7817851499872053, 0.7817851499872053, 0.7817851499872053]","[0.6051278047991103, 0.6165904228996248, 0.6165904228996248, 0.6165904228996248, 0.6165904228996248, 0.6165904228996248, 0.6165904228996248, 0.6165904228996248, 0.6165904228996248, 0.6165904228996248, 0.6165904228996248, 0.6165904228996248, 0.6165904228996248, 0.6165904228996248, 0.6220862591481706, 0.6220862591481706, 0.6220862591481706, 0.6220862591481706, 0.6220862591481706, 0.6220862591481706, 0.6220862591481706, 0.6220862591481706]","[0.8196347696738115, 0.8273432382611434, 0.8273432382611434, 0.8273432382611434, 0.8273432382611434, 0.8273432382611434, 0.8273432382611434, 0.8273432382611434, 0.8273432382611434, 0.8273432382611434, 0.8273432382611434, 0.8273432382611434, 0.8273432382611434, 0.8273432382611434, 0.8315688040974809, 0.8315688040974809, 0.8315688040974809, 0.8315688040974809, 0.8315688040974809, 0.8315688040974809, 0.8315688040974809, 0.8315688040974809]","[0.6051278047991103, 0.6165904228996248, 0.5044318547821958, 0.5961856014019574, 0.5925762968162945, 0.5342205735497554, 0.6042917591431437, 0.5993873390922235, 0.5973793981633089, 0.5949937064249108, 0.5305305764855225, 0.6028718104592569, 0.5995839137616187, 0.6017047215691979, 0.6220862591481706, 0.6137307914485429, 0.5944029403513325, 0.5916381480482241, 0.4942355135568886, 0.46476472735486496, 0.5944029403513325, 0.5916381480482241]","[0.8196347696738115, 0.8273432382611434, 0.7004446429386263, 0.8108128514237235, 0.8109612061667779, 0.7313341893199339, 0.8184868768317297, 0.8107956718351786, 0.8113224598541852, 0.811008673016301, 0.728064940513947, 0.8183790966783343, 0.8145922161693819, 0.8142231921646441, 0.8315688040974809, 0.8290951348467903, 0.8146232916969985, 0.813641607550785, 0.6684572453468214, 0.6139490808600684, 0.8146232916969985, 0.813641607550785]","[16.12599440710619, 30.687542650848627, 40.24830703763291, 47.90358574222773, 61.955523792654276, 75.47645555390045, 89.72591302776709, 95.88963963789865, 102.67747970018536, 110.40783708216622, 123.26771535398439, 136.74899855535477, 145.25477692531422, 153.94008337147534, 161.36736939055845, 178.44161934638396, 186.91938197473064, 199.9250754788518, 207.92536087986082, 214.5352782071568, 222.9795246757567, 235.89191276440397]","[16.12599440710619, 14.561548243742436, 9.560764386784285, 7.655278704594821, 14.051938050426543, 13.520931761246175, 14.249457473866642, 6.163726610131562, 6.787840062286705, 7.730357381980866, 12.859878271818161, 13.481283201370388, 8.505778369959444, 8.685306446161121, 7.4272860190831125, 17.074249955825508, 8.477762628346682, 13.005693504121155, 8.000285401009023, 6.609917327295989, 8.444246468599886, 12.912388088647276]"
6,telco,logistic_regression,Optuna (TPE),"[0.39757864986426483, 0.39757864986426483, 0.39757864986426483, 0.6813334297546223, 0.6813334297546223, 0.6813334297546223, 0.6813334297546223, 0.6813334297546223, 0.6813334297546223, 0.6813334297546223, 0.6813334297546223, 0.7252998237431416, 0.7252998237431416, 0.7252998237431416, 0.7252998237431416, 0.7252998237431416, 0.7252998237431416, 0.7252998237431416, 0.7252998237431416, 0.7252998237431416, 0.7252998237431416, 0.7252998237431416, 0.7252998237431416, 0.7252998237431416, 0.7252998237431416, 0.7252998237431416, 0.7549030325887902, 0.7549030325887902, 0.7549030325887902, 0.7549030325887902]","[0.6273312981253631, 0.6273312981253631, 0.6273312981253631, 0.6304458732495485, 0.6304458732495485, 0.6304458732495485, 0.6304458732495485, 0.6304458732495485, 0.6304458732495485, 0.6304458732495485, 0.6304458732495485, 0.6318226331754584, 0.6321155262623949, 0.6321155262623949, 0.6327493081823865, 0.6327493081823865, 0.6327493081823865, 0.6327493081823865, 0.6327493081823865, 0.6327493081823865, 0.6327493081823865, 0.6327493081823865, 0.6327493081823865, 0.6327493081823865, 0.6327493081823865, 0.6327493081823865, 0.6330786254345948, 0.6330786254345948, 0.6330786254345948, 0.6330786254345948]","[0.8435141570705478, 0.8435141570705478, 0.8438981507204725, 0.8446247764701745, 0.8446247764701745, 0.8446247764701745, 0.8446247764701745, 0.8446247764701745, 0.8446247764701745, 0.8446247764701745, 0.8446247764701745, 0.8446247764701745, 0.8446247764701745, 0.8446247764701745, 0.8446247764701745, 0.8446247764701745, 0.8446247764701745, 0.8446247764701745, 0.8446247764701745, 0.8446247764701745, 0.8446247764701745, 0.8446247764701745, 0.8446247764701745, 0.8446247764701745, 0.8446247764701745, 0.8446247764701745, 0.8446247764701745, 0.8446247764701745, 0.8446247764701745, 0.8446247764701745]","[0.6273312981253631, 0.6163750303589133, 0.6220640270022334, 0.6304458732495485, 0.6274093114070565, 0.6274093114070565, 0.6200958905225169, 0.6199568227590312, 0.6294421468509921, 0.6220771972243465, 0.6272442438376004, 0.6318226331754584, 0.6321155262623949, 0.6266054307386011, 0.6327493081823865, 0.621854442947742, 0.6277181328304219, 0.63073856380477, 0.6288684318628385, 0.6208012609195941, 0.6271954026766212, 0.6311874921799238, 0.6314870906739085, 0.62863895153832, 0.6313482166526786, 0.6226453970078835, 0.6330786254345948, 0.6276013454042859, 0.6253636854113838, 0.622661706573411]","[0.8435141570705478, 0.8420608939149208, 0.8438981507204725, 0.8446247764701745, 0.8426611408066886, 0.8426606245167969, 0.8409627090351647, 0.8426254555329689, 0.8446211517452331, 0.8441075154320142, 0.8436983291438468, 0.8445807393393023, 0.8443029511206916, 0.8434314008677065, 0.8442822693991612, 0.8438914273961311, 0.8433124319514155, 0.8441136500454312, 0.8445870738044938, 0.8428864840268527, 0.8433403343057948, 0.8440820991271852, 0.8445630799875374, 0.844458907064702, 0.8443515585800482, 0.8431067400284817, 0.8444839440124602, 0.8436833261744017, 0.8442547844101682, 0.8434071030672827]","[2.1113555980846286, 4.738845516461879, 7.222785538528115, 9.55184303643182, 11.589929420500994, 13.630726458504796, 15.643540183547884, 18.283857540693134, 20.624974789563566, 26.7944255345501, 28.92301889229566, 31.234750045463443, 33.4829473933205, 35.56188449449837, 37.79745004326105, 40.30534107936546, 42.35297078639269, 44.564640861935914, 46.93208594573662, 49.49059669394046, 51.54696709709242, 53.77202911907807, 56.07012997381389, 58.499173764139414, 60.75971530377865, 63.28695828747004, 65.57231252873316, 67.67707851389423, 70.13283884199336, 72.69175436487421]","[2.1113555980846286, 2.6274899183772504, 2.4839400220662355, 2.3290574979037046, 2.0380863840691745, 2.0407970380038023, 2.012813725043088, 2.64031735714525, 2.3411172488704324, 6.169450744986534, 2.128593357745558, 2.311731153167784, 2.248197347857058, 2.0789371011778712, 2.235565548762679, 2.507891036104411, 2.0476297070272267, 2.211670075543225, 2.3674450838007033, 2.558510748203844, 2.056370403151959, 2.22506202198565, 2.2981008547358215, 2.4290437903255224, 2.2605415396392345, 2.5272429836913943, 2.2853542412631214, 2.104765985161066, 2.4557603280991316, 2.5589155228808522]"
6,telco,logistic_regression,AMSCO,"[0.570773366032795, 0.570773366032795, 0.7030163764406059, 0.7030163764406059, 0.7030163764406059, 0.7030163764406059, 0.7030163764406059, 0.7030163764406059, 0.7030163764406059]","[0.627518182517993, 0.627518182517993, 0.6311906944264725, 0.6311906944264725, 0.6311906944264725, 0.6311906944264725, 0.6311906944264725, 0.6311906944264725, 0.6311906944264725]","[0.8437991907040404, 0.844051685954619, 0.8443696415720812, 0.8443696415720812, 0.8443696415720812, 0.8443696415720812, 0.8443696415720812, 0.8443696415720812, 0.8443696415720812]","[0.627518182517993, 0.6224195203879465, 0.6311906944264725, 0.6264679928244627, 0.6163750303589133, 0.6219453550620442, 0.62205974144855, 0.6179049164471742, 0.6220739593503773]","[0.8437991907040404, 0.844051685954619, 0.8443696415720812, 0.8434044904041714, 0.8420624498686214, 0.8413552904370778, 0.843440172197502, 0.8392877695281044, 0.8434520563081451]","[2.1275793397799134, 4.582172455731779, 7.0807304116897285, 9.127585149370134, 11.736507624387741, 13.767545768525451, 16.330928412266076, 18.310575047973543, 20.809599643107504]","[2.1275793397799134, 2.454593115951866, 2.498557955957949, 2.0468547376804054, 2.608922475017607, 2.0310381441377103, 2.563382643740624, 1.9796466357074678, 2.4990245951339602]"
7,breast_cancer,random_forest,Optuna (TPE),"[0.19081010921951747, 0.3671834263422746, 0.7717426733140156, 0.7717426733140156, 0.7717426733140156, 0.7717426733140156, 0.8736099860516588, 0.8736099860516588, 0.8736099860516588, 0.8736099860516588, 0.8736099860516588, 0.8736099860516588, 0.8736099860516588, 0.8736099860516588, 0.8736099860516588, 0.8736099860516588, 0.8736099860516588, 0.8736099860516588, 0.8736099860516588, 0.9728049312185152, 0.9728049312185152, 0.9728049312185152, 1.0027380049839525, 1.0027380049839525, 1.0027380049839525, 1.0027380049839525, 1.0027380049839525, 1.0027380049839525, 1.0027380049839525, 1.0027380049839525]","[0.9659559058451777, 0.9692343802649648, 0.972092246247732, 0.972092246247732, 0.972092246247732, 0.972092246247732, 0.972092246247732, 0.972092246247732, 0.972092246247732, 0.9721860980164607, 0.9721860980164607, 0.9721860980164607, 0.9721860980164607, 0.9721860980164607, 0.9721860980164607, 0.9721860980164607, 0.9721860980164607, 0.9721860980164607, 0.9721860980164607, 0.9721860980164607, 0.9721860980164607, 0.9721860980164607, 0.9721860980164607, 0.9721860980164607, 0.9721860980164607, 0.9721860980164607, 0.9721860980164607, 0.9721860980164607, 0.9721860980164607, 0.9721860980164607]","[0.9893504220846179, 0.9893504220846179, 0.991471070176442, 0.991471070176442, 0.991471070176442, 0.991471070176442, 0.991809188464118, 0.991809188464118, 0.991809188464118, 0.991809188464118, 0.9921414143777394, 0.9921414143777394, 0.9921414143777394, 0.9921414143777394, 0.9921414143777394, 0.9921414143777394, 0.9921414143777394, 0.9921414143777394, 0.9921414143777394, 0.9929902845150143, 0.9929902845150143, 0.9929902845150143, 0.9929902845150143, 0.9929902845150143, 0.9929902845150143, 0.9929902845150143, 0.9929902845150143, 0.9929902845150143, 0.9929902845150143, 0.9929902845150143]","[0.9659559058451777, 0.9692343802649648, 0.972092246247732, 0.9704407194951902, 0.964741762278087, 0.9659480118920628, 0.970595508149465, 0.9705896922838452, 0.9674159518880016, 0.9721860980164607, 0.9663410496092922, 0.9678076620203443, 0.9651970265881588, 0.9634285566090212, 0.9652413460487995, 0.9664313717482141, 0.9666297764610838, 0.9691302883783981, 0.9678196640435717, 0.9678697502427613, 0.9678571962978527, 0.9679117539069109, 0.9692715052666623, 0.9677700976970657, 0.9705896922838452, 0.9664103463373144, 0.9644902195475709, 0.9677555949916199, 0.9664103463373144, 0.9675620475084441]","[0.9893504220846179, 0.9888886722574899, 0.991471070176442, 0.9908159551624995, 0.9900457872125085, 0.9906961796619511, 0.991809188464118, 0.9884472641187347, 0.9906253845207333, 0.9909655824698405, 0.9921414143777394, 0.9912158567251919, 0.9907766365635673, 0.9907494709861234, 0.9908200061696621, 0.9911450399208344, 0.9908137888485088, 0.9918095134112166, 0.9895188746605387, 0.9929902845150143, 0.9916731872717788, 0.9920662432822602, 0.9927276189436359, 0.9927984357479935, 0.9884890523156162, 0.9926621096085558, 0.9899396811532416, 0.9914735181112514, 0.9927925000476587, 0.9898473745140958]","[7.265082292724401, 11.457499838899821, 23.248558966908604, 31.14050950994715, 39.38693821802735, 49.067127283196896, 55.74557632999495, 59.834772169124335, 69.07093910314143, 78.6970861912705, 84.70243063848466, 97.17259886255488, 110.30331296939403, 121.55177479656413, 127.82433430943638, 138.69839019933715, 144.59072143724188, 155.61376935709268, 165.8279695813544, 170.55377772636712, 175.38355965027586, 182.2140851742588, 187.01484527718276, 192.22365189529955, 197.16062778234482, 202.10888579674065, 205.84792261384428, 211.06034690514207, 215.51426720898598, 222.95158716617152]","[7.265082292724401, 4.19241754617542, 11.791059128008783, 7.891950543038547, 8.246428708080202, 9.680189065169543, 6.67844904679805, 4.089195839129388, 9.236166934017092, 9.626147088129073, 6.005344447214156, 12.470168224070221, 13.13071410683915, 11.248461827170104, 6.272559512872249, 10.874055889900774, 5.8923312379047275, 11.023047919850796, 10.214200224261731, 4.7258081450127065, 4.82978192390874, 6.830525523982942, 4.8007601029239595, 5.208806618116796, 4.936975887045264, 4.948258014395833, 3.7390368171036243, 5.212424291297793, 4.4539203038439155, 7.437319957185537]"
7,breast_cancer,random_forest,AMSCO,"[0.32624402875861436, 0.41529322782972194, 0.41529322782972194, 0.41529322782972194, 0.41529322782972194, 0.41529322782972194, 0.41529322782972194, 0.41529322782972194, 0.41529322782972194]","[0.9691314347726884, 0.9734320960220242, 0.9734320960220242, 0.9734320960220242, 0.9734320960220242, 0.9734320960220242, 0.9734320960220242, 0.9734320960220242, 0.9734320960220242]","[0.9905557808522106, 0.9905557808522106, 0.9905557808522106, 0.9905557808522106, 0.9905557808522106, 0.9905557808522106, 0.9905557808522106, 0.9905557808522106, 0.9905557808522106]","[0.9691314347726884, 0.9734320960220242, 0.9648385954822715, 0.9631749676939686, 0.9634892814573417, 0.9646915598261249, 0.9661131914982223, 0.970785095862874, 0.9734320960220242]","[0.9905557808522106, 0.9902719287300027, 0.988919282274179, 0.989973064051839, 0.9898401606885064, 0.9899138153641921, 0.9897494137954341, 0.9904369585298181, 0.9902057911638652]","[10.479549395851791, 23.28763154381886, 33.063294257968664, 40.08590106014162, 51.452997968997806, 60.48634404502809, 71.64734277036041, 82.88799360813573, 96.20452662417665]","[10.479549395851791, 12.80808214796707, 9.775662714149803, 7.022606802172959, 11.367096908856183, 9.033346076030284, 11.16099872533232, 11.24065083777532, 13.316533016040921]"
7,breast_cancer,logistic_regression,Optuna (TPE),"[0.8226535291358542, 0.8226535291358542, 0.8226535291358542, 0.8226535291358542, 0.8226535291358542, 0.8226535291358542, 0.8226535291358542, 0.8226535291358542, 0.8226535291358542, 0.8226535291358542, 0.8226535291358542, 0.8226535291358542, 0.8496546415654541, 0.8773736178065177, 0.8773736178065177, 0.8773736178065177, 0.8773736178065177, 0.8773736178065177, 0.8773736178065177, 0.8773736178065177, 0.8773736178065177, 0.8773736178065177, 0.8773736178065177, 0.8773736178065177, 0.8773736178065177, 0.8773736178065177, 0.8773736178065177, 0.8773736178065177, 0.8773736178065177, 0.8773736178065177]","[0.9789532634852833, 0.9789532634852833, 0.9789532634852833, 0.9789532634852833, 0.9789532634852833, 0.9789532634852833, 0.9789532634852833, 0.9789532634852833, 0.9789532634852833, 0.9789532634852833, 0.9789532634852833, 0.9789532634852833, 0.9804122300506328, 0.9804122300506328, 0.9804122300506328, 0.9804122300506328, 0.9804122300506328, 0.9804122300506328, 0.9804122300506328, 0.9804122300506328, 0.9804122300506328, 0.9804122300506328, 0.9804122300506328, 0.9816343310429708, 0.9816343310429708, 0.9816343310429708, 0.9816343310429708, 0.9816343310429708, 0.9816343310429708, 0.9816343310429708]","[0.9960358836914682, 0.9960358836914682, 0.9960358836914682, 0.9960358836914682, 0.9960358836914682, 0.9960358836914682, 0.9960358836914682, 0.9960358836914682, 0.9960358836914682, 0.9960358836914682, 0.9960358836914682, 0.9960358836914682, 0.9960358836914682, 0.9960358836914682, 0.9960358836914682, 0.9960358836914682, 0.9960358836914682, 0.9960358836914682, 0.9960358836914682, 0.9960358836914682, 0.9960358836914682, 0.9960358836914682, 0.9961007647954914, 0.9961007647954914, 0.9961007647954914, 0.9961007647954914, 0.9961007647954914, 0.9961007647954914, 0.9961007647954914, 0.9961013930265485]","[0.9789532634852833, 0.9691501760650697, 0.9761806527615173, 0.9776942076997297, 0.9704739981260382, 0.9704739981260382, 0.9619309733955876, 0.9748625342603002, 0.9776942076997297, 0.9761806527615173, 0.9789532634852833, 0.9789532634852833, 0.9804122300506328, 0.9804122300506328, 0.9777477968867402, 0.9802163046249444, 0.9777477968867402, 0.9802949710056785, 0.978932628050662, 0.9606516903807162, 0.9790357287200415, 0.9788152112209163, 0.978932628050662, 0.9816343310429708, 0.9788565532651929, 0.9704739981260382, 0.980433933727127, 0.9761806527615173, 0.9816343310429708, 0.9802741777862659]","[0.9960358836914682, 0.9880769110788764, 0.9922880088454933, 0.9950522904871087, 0.9926714247587158, 0.9926714247587158, 0.9902958881627404, 0.9898556714966803, 0.9950516622560514, 0.9929468715826397, 0.9960358836914682, 0.9960358836914682, 0.9960358836914682, 0.9959036085591931, 0.9951764419419187, 0.995903911843152, 0.9954397357443542, 0.9957080120689685, 0.9957030295467897, 0.9884478490235123, 0.9951184280532462, 0.9960358836914682, 0.9961007647954914, 0.9960349305133125, 0.9958384025080715, 0.992870444025046, 0.9953155842895443, 0.99301238091772, 0.9960339989982965, 0.9961013930265485]","[0.2544327490031719, 0.5172260007821023, 0.7759878719225526, 1.0324406111612916, 1.283909308258444, 1.5378863331861794, 1.7918119002133608, 2.0562645103782415, 2.319380001164973, 2.582838350441307, 2.839533342514187, 3.0952369845472276, 3.3524661855772138, 3.606616309378296, 3.862156513147056, 4.122903778217733, 4.381289114244282, 4.644235106185079, 4.90311583597213, 5.157818588893861, 5.421145610976964, 5.678496255073696, 5.9359244094230235, 6.1931582586839795, 6.450449388474226, 6.708871283568442, 6.969261839520186, 7.235203712247312, 7.493754660245031, 7.751013305503875]","[0.2544327490031719, 0.2627932517789304, 0.25876187114045024, 0.256452739238739, 0.25146869709715247, 0.25397702492773533, 0.2539255670271814, 0.26445261016488075, 0.26311549078673124, 0.26345834927633405, 0.25669499207288027, 0.2557036420330405, 0.25722920102998614, 0.2541501238010824, 0.25554020376875997, 0.2607472650706768, 0.25838533602654934, 0.2629459919407964, 0.2588807297870517, 0.2547027529217303, 0.26332702208310366, 0.25735064409673214, 0.2574281543493271, 0.25723384926095605, 0.2572911297902465, 0.25842189509421587, 0.2603905559517443, 0.2659418727271259, 0.25855094799771905, 0.2572586452588439]"
7,breast_cancer,logistic_regression,AMSCO,"[0.10090570712536051, 0.7358358535385245, 0.7358358535385245, 0.7358358535385245, 0.7358358535385245, 0.7358358535385245, 0.7358358535385245, 0.7358358535385245, 0.7358358535385245]","[0.9620896890018134, 0.9789322711606021, 0.9790357287200415, 0.9790357287200415, 0.9790357287200415, 0.9790357287200415, 0.9790357287200415, 0.9790357287200415, 0.9790357287200415]","[0.9894358181821332, 0.9959691178942733, 0.9959691178942733, 0.9959691178942733, 0.9959691178942733, 0.9959691178942733, 0.9959691178942733, 0.9959691178942733, 0.9959691178942733]","[0.9620896890018134, 0.9789322711606021, 0.9790357287200415, 0.973444234250451, 0.9747422350210317, 0.9748625342603002, 0.9678283369846099, 0.9562735865868601, 0.9748027398942428]","[0.9894358181821332, 0.9959691178942733, 0.9951184280532462, 0.9904449522284438, 0.9930778902528001, 0.9897233963644052, 0.9878797548425784, 0.9877209856901963, 0.991694655443427]","[0.24730210471898317, 0.49590779887512326, 0.7485023308545351, 1.0027556917630136, 1.2604481377638876, 1.5236491835676134, 1.7905823132023215, 2.0417005820199847, 2.3009540527127683]","[0.24730210471898317, 0.2486056941561401, 0.25259453197941184, 0.2542533609084785, 0.25769244600087404, 0.2632010458037257, 0.26693312963470817, 0.2511182688176632, 0.2592534706927836]"
7,telco,random_forest,Optuna (TPE),"[0.7140419889721454, 0.7140419889721454, 0.7140419889721454, 0.7140419889721454, 0.7140419889721454, 0.7140419889721454, 0.7140419889721454, 0.7140419889721454, 0.7140419889721454, 0.7140419889721454, 0.7140419889721454, 0.7154535243317683, 0.7154535243317683, 0.7309593013733808, 0.7699586994268742, 0.7699586994268742, 0.7828675426652866, 0.787924898962693, 0.787924898962693, 0.787924898962693, 0.787924898962693, 0.787924898962693, 0.787924898962693, 0.787924898962693, 0.79493082730337, 0.8428276035287761, 0.8428276035287761, 0.8808831210426622, 0.8808831210426622, 0.8808831210426622]","[0.5947742688313278, 0.5947742688313278, 0.5978789358213437, 0.5978789358213437, 0.5978789358213437, 0.5978789358213437, 0.5978789358213437, 0.5978789358213437, 0.5978789358213437, 0.6030925523715972, 0.6030925523715972, 0.6030925523715972, 0.6030925523715972, 0.6030925523715972, 0.6030925523715972, 0.6030925523715972, 0.6030925523715972, 0.6030925523715972, 0.6030925523715972, 0.6030925523715972, 0.6030925523715972, 0.6030925523715972, 0.6030925523715972, 0.6030925523715972, 0.6030925523715972, 0.6030925523715972, 0.6030925523715972, 0.6030925523715972, 0.6030925523715972, 0.6030925523715972]","[0.8117877730208856, 0.8117877730208856, 0.8126066297189641, 0.8126066297189641, 0.8126066297189641, 0.8126066297189641, 0.8126066297189641, 0.8126066297189641, 0.8126066297189641, 0.8185928082185597, 0.8185928082185597, 0.8185928082185597, 0.8185928082185597, 0.8185928082185597, 0.8185928082185597, 0.8185928082185597, 0.8185928082185597, 0.8185928082185597, 0.8185928082185597, 0.8185928082185597, 0.8185928082185597, 0.8185928082185597, 0.8185928082185597, 0.8185928082185597, 0.8185928082185597, 0.8185928082185597, 0.8185928082185597, 0.8185928082185597, 0.8185928082185597, 0.8185928082185597]","[0.5947742688313278, 0.46465581703281744, 0.5978789358213437, 0.5934505783394621, 0.5940390113374279, 0.59036186746679, 0.512303146073976, 0.46465581703281744, 0.5939142792948207, 0.6030925523715972, 0.5970369118130667, 0.5898799328632196, 0.5883320575932434, 0.587134380132045, 0.586161914614992, 0.586161914614992, 0.5838214718869039, 0.585397204984545, 0.5838214718869039, 0.5932354361430325, 0.580879401353238, 0.5720241231878264, 0.5832157498470394, 0.5861908984750774, 0.5820696240549708, 0.584599520989812, 0.5829165869361088, 0.5900656850845444, 0.5912580694856335, 0.5900471608558877]","[0.8117877730208856, 0.6134770306785579, 0.8126066297189641, 0.8097393894502277, 0.8115097701742515, 0.8102187937156792, 0.7100616455849583, 0.6134622911798042, 0.810743068976028, 0.8185928082185597, 0.8150434913447485, 0.8084063848933797, 0.8086555440086609, 0.8076509860362282, 0.80812542272186, 0.80812542272186, 0.8086466008544054, 0.809086053282089, 0.8086466008544054, 0.8142313406193015, 0.8058984666899824, 0.799378142491171, 0.8081768721796081, 0.8071320309741907, 0.8061241819447359, 0.80520690207491, 0.8043239032890979, 0.8121046992944692, 0.811971958692218, 0.8140562968990315]","[10.884473310783505, 17.71819807961583, 34.57420082902536, 46.229319462087005, 58.05992838833481, 72.0367165254429, 82.29088380746543, 88.95917603932321, 102.45267675537616, 116.57791922334582, 135.09355976246297, 145.17307641822845, 155.2110619302839, 164.5654342896305, 172.91255631344393, 181.28548399778083, 189.11610311083496, 196.99241860676557, 204.6833997857757, 219.64477481879294, 226.83037324203178, 233.0260818367824, 240.63770715659484, 249.52594626229256, 256.6769952401519, 262.9011025791988, 269.3676818921231, 275.7600382771343, 282.34087342210114, 293.6015329081565]","[10.884473310783505, 6.833724768832326, 16.856002749409527, 11.655118633061647, 11.830608926247805, 13.976788137108088, 10.254167282022536, 6.668292231857777, 13.49350071605295, 14.125242467969656, 18.515640539117157, 10.079516655765474, 10.037985512055457, 9.354372359346598, 8.347122023813426, 8.3729276843369, 7.8306191130541265, 7.876315495930612, 7.690981179010123, 14.961375033017248, 7.185598423238844, 6.195708594750613, 7.611625319812447, 8.888239105697721, 7.151048977859318, 6.2241073390468955, 6.466579312924296, 6.392356385011226, 6.580835144966841, 11.260659486055374]"
7,telco,random_forest,AMSCO,"[0.618905168481334, 0.7357865541234926, 0.7357865541234926, 0.7357865541234926, 0.746429438675437, 0.746429438675437, 0.746429438675437, 0.7748109331477597, 0.7748109331477597, 0.7799358761074194, 0.7799358761074194, 0.7799358761074194, 0.7799358761074194, 0.8223818612127637, 0.8223818612127637, 0.8223818612127637, 0.8458178925139164, 0.8458178925139164, 0.8458178925139164, 0.8458178925139164, 0.8458178925139164, 0.8630193746419016, 0.8630193746419016, 0.8630193746419016, 0.8630193746419016, 0.8630193746419016]","[0.5934643951042877, 0.5934643951042877, 0.5934643951042877, 0.5934643951042877, 0.601887513100193, 0.601887513100193, 0.601887513100193, 0.601887513100193, 0.6041755245601574, 0.6041755245601574, 0.6041755245601574, 0.6041755245601574, 0.6041755245601574, 0.6167401917762994, 0.6167401917762994, 0.6167401917762994, 0.6177849976590661, 0.6177849976590661, 0.6188472813161539, 0.6188472813161539, 0.6188472813161539, 0.6188472813161539, 0.6188472813161539, 0.6188472813161539, 0.6188472813161539, 0.6188472813161539]","[0.8143147492229854, 0.8150489641758121, 0.8150489641758121, 0.8150489641758121, 0.8150489641758121, 0.8150489641758121, 0.8150489641758121, 0.8150489641758121, 0.8157468884071802, 0.8157468884071802, 0.8167291822658822, 0.8174366141738592, 0.8174366141738592, 0.8301256364224496, 0.8301256364224496, 0.8301256364224496, 0.8303095701493681, 0.8303095701493681, 0.8305009713709491, 0.8305009713709491, 0.8305009713709491, 0.8305009713709491, 0.8305009713709491, 0.8305009713709491, 0.8305009713709491, 0.8305009713709491]","[0.5934643951042877, 0.5927965453201354, 0.4649904484375035, 0.4199621838247995, 0.601887513100193, 0.46476472735486496, 0.579465039966408, 0.6013034412907218, 0.6041755245601574, 0.5999661888866118, 0.6008971349688259, 0.6028259261832453, 0.5506148288741745, 0.6167401917762994, 0.5955031278296177, 0.5946413359228667, 0.6177849976590661, 0.5924351421234307, 0.6188472813161539, 0.5934684460140246, 0.5028080250646172, 0.617307365958881, 0.5983411503693733, 0.5934684460140246, 0.6188176324986632, 0.614379332772813]","[0.8143147492229854, 0.8150489641758121, 0.6149398612829291, 0.5841764831672034, 0.8148795882721315, 0.6139490808600684, 0.7932939974092552, 0.8139129270627231, 0.8157468884071802, 0.8134868410706633, 0.8167291822658822, 0.8174366141738592, 0.753127608199341, 0.8301256364224496, 0.8154478940991078, 0.8119855206659701, 0.8303095701493681, 0.8158796870011831, 0.8305009713709491, 0.8115406208336233, 0.6844959698913609, 0.8302663755995694, 0.8125375580650853, 0.8115406208336233, 0.8303620114423653, 0.8297235308690135]","[15.097670210991055, 22.944631624035537, 29.29059565346688, 35.47594802873209, 44.28817018400878, 50.84532046178356, 57.914550421759486, 64.7556521249935, 74.33603770239279, 80.57363599957898, 91.30190407764167, 103.17428696667776, 121.50832865666598, 130.11133831785992, 147.5896475217305, 159.13623405760154, 166.49775559082627, 174.10197799187154, 188.55894031375647, 200.64354921644554, 209.58590805530548, 215.78039522841573, 233.88886572048068, 246.0261284466833, 253.0175596117042, 263.02907087281346]","[15.097670210991055, 7.8469614130444825, 6.345964029431343, 6.185352375265211, 8.812222155276686, 6.557150277774781, 7.069229959975928, 6.841101703234017, 9.580385577399284, 6.237598297186196, 10.728268078062683, 11.87238288903609, 18.334041689988226, 8.603009661193937, 17.478309203870595, 11.546586535871029, 7.361521533224732, 7.604222401045263, 14.45696232188493, 12.08460890268907, 8.942358838859946, 6.194487173110247, 18.108470492064953, 12.137262726202607, 6.991431165020913, 10.011511261109263]"
7,telco,logistic_regression,Optuna (TPE),"[0.7960020376998068, 0.7960020376998068, 0.7960020376998068, 0.8881920608867926, 0.8881920608867926, 0.8881920608867926, 0.8881920608867926, 0.8881920608867926, 0.8881920608867926, 0.8881920608867926, 0.8881920608867926, 0.9332487335057502, 0.949535668473443, 0.949535668473443, 0.9793528910223501, 0.9793528910223501, 0.9793528910223501, 0.9793528910223501, 0.9793528910223501, 0.9793528910223501, 0.9793528910223501, 0.9793528910223501, 0.9900160603919903, 0.9900160603919903, 0.9900160603919903, 0.9900160603919903, 0.9900160603919903, 0.9900160603919903, 0.9900160603919903, 0.9900160603919903]","[0.6273312981253631, 0.6273312981253631, 0.6273312981253631, 0.6304458732495485, 0.6304458732495485, 0.6304458732495485, 0.6304458732495485, 0.6304458732495485, 0.6304458732495485, 0.6304458732495485, 0.6304458732495485, 0.6318226331754584, 0.6321155262623949, 0.6321155262623949, 0.6327493081823865, 0.6327493081823865, 0.6327493081823865, 0.6327493081823865, 0.6327493081823865, 0.6327493081823865, 0.6327493081823865, 0.6327493081823865, 0.6336398532616544, 0.6336398532616544, 0.6336398532616544, 0.6336398532616544, 0.6336398532616544, 0.6336398532616544, 0.6336398532616544, 0.6336398532616544]","[0.8435141570705478, 0.8435141570705478, 0.8438981507204725, 0.8446247764701745, 0.8446247764701745, 0.8446247764701745, 0.8446247764701745, 0.8446247764701745, 0.8446247764701745, 0.8446247764701745, 0.8446247764701745, 0.8446247764701745, 0.8446247764701745, 0.8446247764701745, 0.8446247764701745, 0.8446247764701745, 0.8446247764701745, 0.8446247764701745, 0.8446247764701745, 0.8446247764701745, 0.8446247764701745, 0.8446247764701745, 0.8446247764701745, 0.8446247764701745, 0.8446247764701745, 0.8446247764701745, 0.8446247764701745, 0.8446247764701745, 0.8446247764701745, 0.8446247764701745]","[0.6273312981253631, 0.6163750303589133, 0.6220640270022334, 0.6304458732495485, 0.6274093114070565, 0.6274093114070565, 0.6200958905225169, 0.6199568227590312, 0.6294421468509921, 0.6220771972243465, 0.6272442438376004, 0.6318226331754584, 0.6321155262623949, 0.6266054307386011, 0.6327493081823865, 0.627965680470044, 0.6219030078412879, 0.63073856380477, 0.6272181569103987, 0.631721049211437, 0.6212433812529079, 0.6288640472007729, 0.6336398532616544, 0.62863895153832, 0.6317938351418464, 0.6289664892555423, 0.6273312981253631, 0.6272442438376004, 0.6222680049295567, 0.6265187135434522]","[0.8435141570705478, 0.8420608939149208, 0.8438981507204725, 0.8446247764701745, 0.8426611408066886, 0.8426606245167969, 0.8409627090351647, 0.8426254555329689, 0.8446211517452331, 0.8441075154320142, 0.8436983291438468, 0.8445807393393023, 0.8443029511206916, 0.8434314008677065, 0.8442822693991612, 0.8433532732222175, 0.8437487495752112, 0.8441136500454312, 0.8433325784271233, 0.8441519323714166, 0.8429728265042382, 0.8439672789233086, 0.8445776728712096, 0.844458907064702, 0.8444141243227241, 0.8444744143757742, 0.8435358986201746, 0.8437014276990388, 0.8430891609735036, 0.8432679082840947]","[2.057650962844491, 4.671899393666536, 7.150124122854322, 9.466841184999794, 11.499841265846044, 13.528731865808368, 15.548736934550107, 18.16722062183544, 20.49036436388269, 22.95798233617097, 25.079929135274142, 27.391558562405407, 29.63847737526521, 31.723882519174367, 33.958841543179005, 36.01647387910634, 38.50825200881809, 40.70311630377546, 42.74483436672017, 44.947715929709375, 47.52147816354409, 49.67664359463379, 51.995996674057096, 54.37875396106392, 56.63926833122969, 59.02323417831212, 61.1043749996461, 63.23259492171928, 68.02839170675725, 71.35318133467808]","[2.057650962844491, 2.6142484308220446, 2.4782247291877866, 2.3167170621454716, 2.03300008084625, 2.028890599962324, 2.020005068741739, 2.618483687285334, 2.3231437420472503, 2.4676179722882807, 2.1219467991031706, 2.3116294271312654, 2.2469188128598034, 2.0854051439091563, 2.234959024004638, 2.0576323359273374, 2.491778129711747, 2.1948642949573696, 2.0417180629447103, 2.202881562989205, 2.5737622338347137, 2.1551654310896993, 2.3193530794233084, 2.382757287006825, 2.2605143701657653, 2.383965847082436, 2.0811408213339746, 2.1282199220731854, 4.795796785037965, 3.324789627920836]"
7,telco,logistic_regression,AMSCO,"[0.6151312665528852, 0.6151312665528852, 0.6151312665528852, 0.6151312665528852, 0.7333739225637808, 0.7333739225637808, 0.7333739225637808, 0.7333739225637808, 0.7333739225637808]","[0.6290709807608615, 0.6290709807608615, 0.6290709807608615, 0.6290709807608615, 0.6332693638887774, 0.6332693638887774, 0.6332693638887774, 0.6332693638887774, 0.6332693638887774]","[0.844000395491582, 0.844000395491582, 0.8442687343823503, 0.8442687343823503, 0.8442687343823503, 0.8442687343823503, 0.8442687343823503, 0.8442687343823503, 0.8442687343823503]","[0.6290709807608615, 0.6278738529706951, 0.6250597859171984, 0.6144899550193463, 0.6332693638887774, 0.6199333151978038, 0.6156773648745744, 0.6179049164471742, 0.6221278226137307]","[0.844000395491582, 0.8431017866294397, 0.8442687343823503, 0.8418913044917705, 0.8442367656941461, 0.8425768596990233, 0.8419481587817064, 0.8392877695281044, 0.8434618876120581]","[2.1413782397285104, 4.159838853403926, 6.605165427085012, 9.320650379173458, 11.533795805182308, 14.172616443131119, 16.85451301932335, 18.82464590622112, 21.3376928223297]","[2.1413782397285104, 2.0184606136754155, 2.4453265736810863, 2.7154849520884454, 2.2131454260088503, 2.638820637948811, 2.68189657619223, 1.9701328868977726, 2.5130469161085784]"
8,breast_cancer,random_forest,Optuna (TPE),"[-0.4758857501461802, -0.3579670287748729, 2.1680229003067466, 2.1680229003067466, 2.1680229003067466, 2.1680229003067466, 2.455779692101672, 2.455779692101672, 2.455779692101672, 2.455779692101672, 2.455779692101672, 2.455779692101672, 2.455779692101672, 3.023143491174818, 3.023143491174818, 3.023143491174818, 3.023143491174818, 3.023143491174818, 3.023143491174818, 3.023143491174818, 3.023143491174818, 3.023143491174818, 3.023143491174818, 3.023143491174818, 3.023143491174818, 3.023143491174818, 3.023143491174818, 3.023143491174818, 3.023143491174818, 3.023143491174818]","[0.9659559058451777, 0.9692343802649648, 0.972092246247732, 0.972092246247732, 0.972092246247732, 0.972092246247732, 0.972092246247732, 0.972092246247732, 0.972092246247732, 0.9721860980164607, 0.9721860980164607, 0.9721860980164607, 0.9721860980164607, 0.9721860980164607, 0.9721860980164607, 0.9721860980164607, 0.9721860980164607, 0.9721860980164607, 0.9721860980164607, 0.9721860980164607, 0.9721860980164607, 0.9721860980164607, 0.9721860980164607, 0.9721860980164607, 0.9721860980164607, 0.9721860980164607, 0.9721860980164607, 0.9721860980164607, 0.9721860980164607, 0.9721860980164607]","[0.9893504220846179, 0.9893504220846179, 0.991471070176442, 0.991471070176442, 0.991471070176442, 0.991471070176442, 0.991809188464118, 0.991809188464118, 0.991809188464118, 0.991809188464118, 0.9921414143777394, 0.9921414143777394, 0.9921414143777394, 0.9923994223740376, 0.9923994223740376, 0.9923994223740376, 0.9923994223740376, 0.9923994223740376, 0.9923994223740376, 0.9923994223740376, 0.9923994223740376, 0.9923994223740376, 0.9923994223740376, 0.9923994223740376, 0.9923994223740376, 0.9923994223740376, 0.9923994223740376, 0.9923994223740376, 0.9923994223740376, 0.9923994223740376]","[0.9659559058451777, 0.9692343802649648, 0.972092246247732, 0.9704407194951902, 0.964741762278087, 0.9659480118920628, 0.970595508149465, 0.9705896922838452, 0.9674159518880016, 0.9721860980164607, 0.9663410496092922, 0.9663410496092922, 0.9632574120151759, 0.9705973289015427, 0.9678076620203443, 0.9693711578123579, 0.9597029491685195, 0.9693912895282759, 0.9675620475084441, 0.9611160109059925, 0.9664311992202255, 0.9693912895282759, 0.9693711578123579, 0.969198192466435, 0.9678697502427613, 0.9693711578123579, 0.9692764507904957, 0.9678571962978527, 0.9678571962978527, 0.9675620475084441]","[0.9893504220846179, 0.9888886722574899, 0.991471070176442, 0.9908159551624995, 0.9900457872125085, 0.9906961796619511, 0.991809188464118, 0.9884472641187347, 0.9906253845207333, 0.9909655824698405, 0.9921414143777394, 0.9920057164693589, 0.9912149468733157, 0.9923994223740376, 0.9917396281218751, 0.9919352462752398, 0.9906053677794588, 0.991937737536329, 0.9899805811613869, 0.9903813709128155, 0.9912130405170038, 0.991937737536329, 0.9921249070651298, 0.9917339957054991, 0.9886200709857768, 0.9921249070651298, 0.9916601677246943, 0.992070272626283, 0.988821906460295, 0.9898473745140958]","[7.064901530276984, 11.177138474304229, 22.673367692157626, 30.418518431019038, 38.285515001975, 47.6494740601629, 54.124320954084396, 58.106749252881855, 67.02683261176571, 76.42988445935771, 82.32356294710189, 88.1674373508431, 94.33257891470566, 100.24740335345268, 111.39325759373605, 116.39934318140149, 121.20417328737676, 126.2452514283359, 133.13309595314786, 137.97258786391467, 151.0033554630354, 156.02800270775333, 159.6357130710967, 163.24986473610625, 167.58095858199522, 171.18327842699364, 174.8902746248059, 180.4568420960568, 184.84395596710965, 192.23755167238414]","[7.064901530276984, 4.112236944027245, 11.496229217853397, 7.745150738861412, 7.866996570955962, 9.363959058187902, 6.4748468939214945, 3.9824282987974584, 8.920083358883858, 9.403051847591996, 5.893678487744182, 5.843874403741211, 6.165141563862562, 5.914824438747019, 11.14585424028337, 5.006085587665439, 4.80483010597527, 5.041078140959144, 6.887844524811953, 4.83949191076681, 13.030767599120736, 5.024647244717926, 3.607710363343358, 3.614151665009558, 4.331093845888972, 3.6023198449984193, 3.706996197812259, 5.566567471250892, 4.387113871052861, 7.3935957052744925]"
8,breast_cancer,random_forest,AMSCO,"[0.3968247526723088, 0.3968247526723088, 0.3968247526723088, 0.4426922771999438, 0.4426922771999438, 0.4426922771999438, 0.4426922771999438, 0.4426922771999438, 0.4426922771999438]","[0.9690209476254612, 0.9690209476254612, 0.9690209476254612, 0.9690209476254612, 0.9690209476254612, 0.9690209476254612, 0.9690338331095291, 0.9690338331095291, 0.9690338331095291]","[0.9903021704733137, 0.9903021704733137, 0.9903021704733137, 0.9914816851149967, 0.9917449355911524, 0.9917449355911524, 0.9917449355911524, 0.9917449355911524, 0.9917449355911524]","[0.9690209476254612, 0.9687962118916145, 0.9620841470980099, 0.9646201978970321, 0.9635535013784986, 0.9645112302828673, 0.9690338331095291, 0.9619185156280308, 0.9630979374445247]","[0.9903021704733137, 0.9894477329090824, 0.98957474389836, 0.9914816851149967, 0.9917449355911524, 0.9905645327607331, 0.9907065129796869, 0.9910177906370177, 0.9914873175313726]","[7.803081925027072, 13.092134492937475, 18.05990314669907, 22.678116973489523, 28.66458482760936, 39.06511915056035, 48.45824788371101, 52.11547944461927, 57.26052316138521]","[7.803081925027072, 5.289052567910403, 4.9677686537615955, 4.618213826790452, 5.986467854119837, 10.400534322950989, 9.393128733150661, 3.657231560908258, 5.14504371676594]"
8,breast_cancer,logistic_regression,Optuna (TPE),"[0.7017050637040189, 0.7017050637040189, 0.7017050637040189, 0.7017050637040189, 0.7017050637040189, 0.7017050637040189, 0.7017050637040189, 0.7017050637040189, 0.7017050637040189, 0.7017050637040189, 0.7183728844920527, 0.7843378453673384, 0.8711356769475314, 0.8796761722296648, 0.8796761722296648, 0.8796761722296648, 0.8796761722296648, 0.8796761722296648, 0.8796761722296648, 0.8796761722296648, 0.8796761722296648, 0.8796761722296648, 0.8796761722296648, 0.8796761722296648, 0.8796761722296648, 0.8796761722296648, 0.8796761722296648, 0.8796761722296648, 0.8796761722296648, 0.8796761722296648]","[0.9789532634852833, 0.9789532634852833, 0.9789532634852833, 0.9789532634852833, 0.9789532634852833, 0.9789532634852833, 0.9789532634852833, 0.9789532634852833, 0.9789532634852833, 0.9789532634852833, 0.9789532634852833, 0.9789532634852833, 0.9804122300506328, 0.9804122300506328, 0.9804122300506328, 0.9804122300506328, 0.9804122300506328, 0.9804122300506328, 0.9804122300506328, 0.9804122300506328, 0.9804122300506328, 0.9804122300506328, 0.9804122300506328, 0.9816343310429708, 0.9816343310429708, 0.9816343310429708, 0.9816343310429708, 0.9816343310429708, 0.9816343310429708, 0.9816343310429708]","[0.9960358836914682, 0.9960358836914682, 0.9960358836914682, 0.9960358836914682, 0.9960358836914682, 0.9960358836914682, 0.9960358836914682, 0.9960358836914682, 0.9960358836914682, 0.9960358836914682, 0.9960358836914682, 0.9960358836914682, 0.9960358836914682, 0.9960358836914682, 0.9960358836914682, 0.9960358836914682, 0.9960358836914682, 0.9960358836914682, 0.9960358836914682, 0.9960358836914682, 0.9960358836914682, 0.9960358836914682, 0.9961007647954914, 0.9961007647954914, 0.9961007647954914, 0.9961007647954914, 0.9961007647954914, 0.9961007647954914, 0.9961007647954914, 0.9961007647954914]","[0.9789532634852833, 0.9691501760650697, 0.9761806527615173, 0.9776942076997297, 0.9704739981260382, 0.9704739981260382, 0.9619309733955876, 0.9748625342603002, 0.9776942076997297, 0.9761806527615173, 0.9789532634852833, 0.9789532634852833, 0.9804122300506328, 0.9804122300506328, 0.9777477968867402, 0.9802163046249444, 0.9777477968867402, 0.9802949710056785, 0.978932628050662, 0.9606516903807162, 0.9790357287200415, 0.9802741777862659, 0.978932628050662, 0.9816343310429708, 0.9704739981260382, 0.9802741777862659, 0.980433933727127, 0.9775344517588687, 0.9719107797352334, 0.9789322711606021]","[0.9960358836914682, 0.9880769110788764, 0.9922880088454933, 0.9950522904871087, 0.9926714247587158, 0.9926714247587158, 0.9902958881627404, 0.9898556714966803, 0.9950516622560514, 0.9929468715826397, 0.9960358836914682, 0.9960358836914682, 0.9960358836914682, 0.9959036085591931, 0.9951764419419187, 0.995903911843152, 0.9954397357443542, 0.9957080120689685, 0.9957030295467897, 0.9884478490235123, 0.9951184280532462, 0.9960358836914682, 0.9961007647954914, 0.9960349305133125, 0.9932647564976422, 0.9960352554604108, 0.9953155842895443, 0.9961007647954914, 0.9944523948167905, 0.9959036085591931]","[0.2537071229889989, 0.5169001249596477, 0.7745506409555674, 1.031041206791997, 1.2770410869270563, 1.529183013830334, 1.7782659749500453, 2.041933982167393, 2.304029657971114, 2.5646119178272784, 2.8194065247662365, 3.0705677270889282, 3.320203911047429, 3.5678472127765417, 3.819493977818638, 4.0778878489509225, 4.328998785931617, 4.5823630457744, 4.836802153848112, 5.089920832775533, 5.348926558624953, 5.603722212836146, 5.860184274148196, 6.120129405986518, 6.376771641895175, 6.633767450693995, 6.889029365498573, 7.144244716502726, 7.396969492547214, 7.651502485387027]","[0.2537071229889989, 0.26319300197064877, 0.2576505159959197, 0.2564905658364296, 0.24599988013505936, 0.25214192690327764, 0.2490829611197114, 0.2636680072173476, 0.26209567580372095, 0.26058225985616446, 0.25479460693895817, 0.2511612023226917, 0.24963618395850062, 0.24764330172911286, 0.2516467650420964, 0.2583938711322844, 0.25111093698069453, 0.2533642598427832, 0.2544391080737114, 0.25311867892742157, 0.25900572584941983, 0.2547956542111933, 0.2564620613120496, 0.2599451318383217, 0.2566422359086573, 0.2569958087988198, 0.2552619148045778, 0.2552153510041535, 0.25272477604448795, 0.25453299283981323]"
8,breast_cancer,logistic_regression,AMSCO,"[0.703295981425355, 0.7123171114481163, 0.7123171114481163, 0.7123171114481163, 0.7123171114481163, 0.7123171114481163, 0.7123171114481163, 0.7123171114481163, 0.7123171114481163]","[0.9789322711606021, 0.9802741777862659, 0.9802741777862659, 0.9802741777862659, 0.9802741777862659, 0.9802741777862659, 0.9802741777862659, 0.9802741777862659, 0.9802741777862659]","[0.9959691178942733, 0.9961007647954911, 0.9961007647954911, 0.9961007647954911, 0.9961007647954911, 0.9961007647954911, 0.9961007647954911, 0.9961007647954911, 0.9961007647954911]","[0.9789322711606021, 0.9802741777862659, 0.973444234250451, 0.9748386902899009, 0.9706285498539019, 0.9592764655843553, 0.978932628050662, 0.9562735865868601, 0.9748027398942428]","[0.9959691178942733, 0.9961007647954911, 0.990642108464742, 0.993931721249114, 0.9885370361705114, 0.9884478490235123, 0.9960336957143378, 0.9877209856901963, 0.991694655443427]","[0.24977525183930993, 0.5019251108169556, 0.7579015307128429, 1.0084707355126739, 1.2685998445376754, 1.5177667438983917, 1.7689313138835132, 2.012775137089193, 2.265408839099109]","[0.24977525183930993, 0.25214985897764564, 0.2559764198958874, 0.2505692047998309, 0.2601291090250015, 0.24916689936071634, 0.2511645699851215, 0.24384382320567966, 0.2526337020099163]"
8,telco,random_forest,Optuna (TPE),"[0.7420798422614242, 0.7420798422614242, 0.7420798422614242, 0.7420798422614242, 0.7420798422614242, 0.7420798422614242, 0.7420798422614242, 0.7420798422614242, 0.7420798422614242, 0.7420798422614242, 0.7420798422614242, 0.7420798422614242, 0.9694449901922532, 0.9694449901922532, 0.9694449901922532, 0.9906604407737429, 1.0308909883777582, 1.0308909883777582, 1.0308909883777582, 1.0308909883777582, 1.0308909883777582, 1.0308909883777582, 1.091461689396191, 1.091461689396191, 1.091461689396191, 1.091461689396191, 1.091461689396191, 1.091461689396191, 1.091461689396191, 1.091461689396191]","[0.5947742688313278, 0.5947742688313278, 0.5978789358213437, 0.5978789358213437, 0.5978789358213437, 0.5978789358213437, 0.5978789358213437, 0.5978789358213437, 0.5978789358213437, 0.6030925523715972, 0.6030925523715972, 0.6030925523715972, 0.6148037527132383, 0.6148037527132383, 0.6148037527132383, 0.6148037527132383, 0.6148037527132383, 0.6148037527132383, 0.6148037527132383, 0.6148037527132383, 0.6148037527132383, 0.6148037527132383, 0.6148037527132383, 0.6148037527132383, 0.6148037527132383, 0.6148037527132383, 0.6148037527132383, 0.6152578678531804, 0.6152578678531804, 0.6152578678531804]","[0.8117877730208856, 0.8117877730208856, 0.8126066297189641, 0.8126066297189641, 0.8126066297189641, 0.8126066297189641, 0.8126066297189641, 0.8126066297189641, 0.8126066297189641, 0.8185928082185597, 0.8185928082185597, 0.8185928082185597, 0.8290707263249759, 0.8290707263249759, 0.8290707263249759, 0.8290707263249759, 0.8290707263249759, 0.8290707263249759, 0.8290707263249759, 0.8290707263249759, 0.8290707263249759, 0.8290707263249759, 0.8290707263249759, 0.8290707263249759, 0.8290707263249759, 0.8290707263249759, 0.8290707263249759, 0.829453630430201, 0.829453630430201, 0.829453630430201]","[0.5947742688313278, 0.46465581703281744, 0.5978789358213437, 0.5934505783394621, 0.5940390113374279, 0.59036186746679, 0.512303146073976, 0.46465581703281744, 0.5939142792948207, 0.6030925523715972, 0.5970369118130667, 0.5921865040987457, 0.6148037527132383, 0.5877678182498521, 0.5932334768248211, 0.6124947358200656, 0.613347406636584, 0.6139934773462989, 0.6123299108123149, 0.5924846400901684, 0.6132425390862755, 0.6115557808995785, 0.6138886822793483, 0.5936931679386757, 0.6102885128235247, 0.6007293674761474, 0.5937493031650161, 0.6152578678531804, 0.5921864149076331, 0.6117688297097537]","[0.8117877730208856, 0.6134770306785579, 0.8126066297189641, 0.8097393894502277, 0.8115097701742515, 0.8102187937156792, 0.7100616455849583, 0.6134622911798042, 0.810743068976028, 0.8185928082185597, 0.8150434913447485, 0.8146409985886299, 0.8290707263249759, 0.8085032103253209, 0.8136616646944924, 0.826305915935027, 0.8268648706660713, 0.8268680974022043, 0.8249960696056519, 0.815763404544178, 0.8242365913712542, 0.8248805251586255, 0.8267614824980034, 0.8114481232724253, 0.8219111396119626, 0.8202307265229696, 0.8148392055318971, 0.829453630430201, 0.8139993188174905, 0.829398467679107]","[10.827569903805852, 17.60320570273325, 34.3490483048372, 46.11574693303555, 58.095526976976544, 72.02014159085229, 82.00090080779046, 88.80714967986569, 101.9703029547818, 115.89832838997245, 134.09731333330274, 149.22144997725263, 159.2265790263191, 168.3951441119425, 177.3951967479661, 186.10944640636444, 193.94322186429054, 201.95082936622202, 209.9564527203329, 217.5025294763036, 228.39519358426332, 236.44769257027656, 242.71557468734682, 248.85835556546226, 256.02780770044774, 262.2802534215152, 270.5864438856952, 278.00903217634186, 288.13651706371456, 295.4878462208435]","[10.827569903805852, 6.7756357989273965, 16.74584260210395, 11.766698628198355, 11.979780043940991, 13.924614613875747, 9.980759216938168, 6.80624887207523, 13.163153274916112, 13.928025435190648, 18.198984943330288, 15.124136643949896, 10.005129049066454, 9.168565085623413, 9.00005263602361, 8.71424965839833, 7.8337754579260945, 8.007607501931489, 8.005623354110867, 7.5460767559707165, 10.892664107959718, 8.052498986013234, 6.267882117070258, 6.142780878115445, 7.169452134985477, 6.252445721067488, 8.306190464179963, 7.422588290646672, 10.127484887372702, 7.35132915712893]"
8,telco,random_forest,AMSCO,"[0.6316026225930336, 0.6316026225930336, 0.6316026225930336, 0.6316026225930336, 0.6316026225930336, 0.6316026225930336, 0.6316026225930336, 0.6328606881213025, 0.6461479846625215, 0.6461479846625215, 0.6461479846625215, 0.6461479846625215, 0.6461479846625215, 0.6546277281205093, 0.6546277281205093, 0.6546277281205093, 0.6681324407974029, 0.6891456114387423, 0.6901291466912516, 0.6906901811543436, 0.7022758342118666, 0.7022758342118666, 0.7168149538004839, 0.7168149538004839, 0.7168149538004839]","[0.5737827608747234, 0.5942033951817307, 0.6064020873611438, 0.6064020873611438, 0.6064020873611438, 0.6064020873611438, 0.6064020873611438, 0.6064020873611438, 0.6064020873611438, 0.6064020873611438, 0.6064020873611438, 0.6064020873611438, 0.6064020873611438, 0.6064020873611438, 0.6064020873611438, 0.6064020873611438, 0.6064020873611438, 0.6064020873611438, 0.6064020873611438, 0.6064020873611438, 0.6064020873611438, 0.6064020873611438, 0.6064020873611438, 0.6064020873611438, 0.6064020873611438]","[0.8014470631830987, 0.8114654480761263, 0.8223288481067967, 0.8223288481067967, 0.8223288481067967, 0.8223288481067967, 0.8223288481067967, 0.8223288481067967, 0.8223288481067967, 0.8223288481067967, 0.8223288481067967, 0.8223288481067967, 0.8223288481067967, 0.8223288481067967, 0.8223288481067967, 0.8223288481067967, 0.8223288481067967, 0.8223288481067967, 0.8223288481067967, 0.8223288481067967, 0.8223288481067967, 0.8223288481067967, 0.8223288481067967, 0.8223288481067967, 0.8223288481067967]","[0.5737827608747234, 0.5942033951817307, 0.6064020873611438, 0.5874045263304128, 0.4942355135568886, 0.5923527732606196, 0.5940390113374279, 0.5737685030117406, 0.5808756044528894, 0.5732115983171179, 0.574833665052125, 0.5969621770377279, 0.5027817078652552, 0.5846211716762061, 0.5841771226215573, 0.5958231363297812, 0.5917883696495477, 0.589409499601523, 0.5887195574266648, 0.5924708896994348, 0.5957580048913971, 0.6014523924093558, 0.5982016438558898, 0.5963103742635044, 0.5938930738708761]","[0.8014470631830987, 0.8114654480761263, 0.8223288481067967, 0.8077719237255321, 0.6684572453468214, 0.8103640337139713, 0.8115097701742515, 0.8001916483941909, 0.8061284857287205, 0.8000811837273393, 0.8017392847702196, 0.8117826180285345, 0.6848023410117363, 0.8072191562899862, 0.8068305050111437, 0.8116367031120315, 0.81503628361064, 0.8113828434879095, 0.8117162616791077, 0.8167949237277845, 0.8103937673191004, 0.814669374144664, 0.8105251921017833, 0.8102406388042074, 0.810815436301325]","[6.446293800137937, 18.948325792327523, 36.00612232321873, 45.89315466303378, 53.86117741512135, 69.06274196924642, 81.2534080161713, 87.48553678533062, 94.69475334323943, 101.09425564110279, 107.69681865442544, 123.81197718856856, 132.89876551460475, 140.30961444042623, 149.49359592748806, 165.83494449360296, 174.4842045456171, 181.05736762471497, 187.5034107286483, 195.06609502062201, 201.7638112376444, 211.52085049683228, 217.73080709204078, 225.14219816122204, 232.92475165007636]","[6.446293800137937, 12.502031992189586, 17.05779653089121, 9.88703233981505, 7.968022752087563, 15.20156455412507, 12.190666046924889, 6.232128769159317, 7.209216557908803, 6.399502297863364, 6.602563013322651, 16.11515853414312, 9.086788326036185, 7.410848925821483, 9.183981487061828, 16.341348566114902, 8.649260052014142, 6.573163079097867, 6.446043103933334, 7.56268429197371, 6.697716217022389, 9.757039259187877, 6.209956595208496, 7.4113910691812634, 7.782553488854319]"
8,telco,logistic_regression,Optuna (TPE),"[0.9639888669516846, 0.9639888669516846, 0.9639888669516846, 1.4439765509824458, 1.4439765509824458, 1.4439765509824458, 1.4439765509824458, 1.4439765509824458, 1.4439765509824458, 1.4439765509824458, 1.4439765509824458, 1.5995091104657173, 1.6077872741055783, 1.6077872741055783, 1.678193300397148, 1.678193300397148, 1.678193300397148, 1.678193300397148, 1.678193300397148, 1.678193300397148, 1.678193300397148, 1.678193300397148, 1.7542403330821283, 1.7542403330821283, 1.7542403330821283, 1.7542403330821283, 1.7542403330821283, 1.7542403330821283, 1.7542403330821283, 1.7542403330821283]","[0.6273312981253631, 0.6273312981253631, 0.6273312981253631, 0.6304458732495485, 0.6304458732495485, 0.6304458732495485, 0.6304458732495485, 0.6304458732495485, 0.6304458732495485, 0.6304458732495485, 0.6304458732495485, 0.6318226331754584, 0.6321155262623949, 0.6321155262623949, 0.6327493081823865, 0.6327493081823865, 0.6327493081823865, 0.6327493081823865, 0.6327493081823865, 0.6327493081823865, 0.6327493081823865, 0.6327493081823865, 0.6336333493244852, 0.6336333493244852, 0.6336333493244852, 0.6336333493244852, 0.6336333493244852, 0.6336333493244852, 0.6336333493244852, 0.6336333493244852]","[0.8435141570705478, 0.8435141570705478, 0.8438981507204725, 0.8446247764701745, 0.8446247764701745, 0.8446247764701745, 0.8446247764701745, 0.8446247764701745, 0.8446247764701745, 0.8446247764701745, 0.8446247764701745, 0.8446247764701745, 0.8446247764701745, 0.8446247764701745, 0.8446247764701745, 0.8446247764701745, 0.8446247764701745, 0.8446247764701745, 0.8446247764701745, 0.8446247764701745, 0.8446247764701745, 0.8446247764701745, 0.8446247764701745, 0.8446247764701745, 0.8446247764701745, 0.8446247764701745, 0.8446247764701745, 0.8446247764701745, 0.8446247764701745, 0.8446247764701745]","[0.6273312981253631, 0.6163750303589133, 0.6220640270022334, 0.6304458732495485, 0.6274093114070565, 0.6274093114070565, 0.6200958905225169, 0.6199568227590312, 0.6294421468509921, 0.6220771972243465, 0.6272442438376004, 0.6318226331754584, 0.6321155262623949, 0.6266054307386011, 0.6327493081823865, 0.627965680470044, 0.6219030078412879, 0.63073856380477, 0.6272181569103987, 0.631721049211437, 0.6212433812529079, 0.6299078045925521, 0.6336333493244852, 0.6291089122741054, 0.6258552179192893, 0.6273792219898487, 0.632732280344926, 0.6258456861319486, 0.6274615777414541, 0.6294559010839949]","[0.8435141570705478, 0.8420608939149208, 0.8438981507204725, 0.8446247764701745, 0.8426611408066886, 0.8426606245167969, 0.8409627090351647, 0.8426254555329689, 0.8446211517452331, 0.8441075154320142, 0.8436983291438468, 0.8445807393393023, 0.8443029511206916, 0.8434314008677065, 0.8442822693991612, 0.8433532732222175, 0.8437487495752112, 0.8441136500454312, 0.8433325784271233, 0.8441519323714166, 0.8429728265042382, 0.8446201131250053, 0.8441902143557934, 0.8439967731069948, 0.8443038835234047, 0.8437697186833872, 0.8444544577540947, 0.8432187482921787, 0.8435508917539701, 0.8444909645765126]","[2.0713858921080828, 4.691178870387375, 7.160109335556626, 9.49381174147129, 11.505831303540617, 13.529982672538608, 15.537486233748496, 18.16080651152879, 20.48707353696227, 22.952933628112078, 25.087153919041157, 27.403783378656954, 29.640166393481195, 31.73182222666219, 33.96564962854609, 36.023496105801314, 38.52939805202186, 40.724403247237206, 42.76208861032501, 44.95975206140429, 47.558347701095045, 49.90234399214387, 52.15966936107725, 54.34039299516007, 56.81769882235676, 58.96209530113265, 61.24030531197786, 63.288182583171874, 65.40714069828391, 67.81330253602937]","[2.0713858921080828, 2.6197929782792926, 2.468930465169251, 2.3337024059146643, 2.0120195620693266, 2.024151368997991, 2.0075035612098873, 2.6233202777802944, 2.3262670254334807, 2.465860091149807, 2.134220290929079, 2.316629459615797, 2.2363830148242414, 2.091655833180994, 2.2338274018839, 2.057846477255225, 2.505901946220547, 2.1950051952153444, 2.037685363087803, 2.197663451079279, 2.598595639690757, 2.343996291048825, 2.2573253689333797, 2.180723634082824, 2.4773058271966875, 2.1443964787758887, 2.278210010845214, 2.047877271194011, 2.1189581151120365, 2.406161837745458]"
8,telco,logistic_regression,AMSCO,"[0.2805662988247073, 0.2805662988247073, 0.6208624170557603, 0.6208624170557603, 0.6208624170557603, 0.6208624170557603, 0.6208624170557603, 0.6208624170557603, 0.6208624170557603]","[0.6212569990471193, 0.6221375708621025, 0.6311464957783169, 0.6311464957783169, 0.6311464957783169, 0.6311464957783169, 0.6311464957783169, 0.6311464957783169, 0.6311464957783169]","[0.8439513923663562, 0.8439513923663562, 0.8441462399000603, 0.8441462399000603, 0.8441462399000603, 0.8441462399000603, 0.8441462399000603, 0.8441462399000603, 0.8441462399000603]","[0.6212569990471193, 0.6221375708621025, 0.6311464957783169, 0.6225966015069402, 0.6278493927747659, 0.6193385355646441, 0.6272131031615578, 0.6179049164471742, 0.6219783929055914]","[0.8439513923663562, 0.842982135749762, 0.8441462399000603, 0.8437947620306142, 0.8433263832645789, 0.8396068112346604, 0.8433563785894878, 0.8392877695281044, 0.8434649922076943]","[2.48880134196952, 5.02283492917195, 7.236737734172493, 9.73867010511458, 11.773587469942868, 13.80058019515127, 15.89756663935259, 17.865381579380482, 20.37270735576749]","[2.48880134196952, 2.5340335872024298, 2.2139028050005436, 2.501932370942086, 2.0349173648282886, 2.0269927252084017, 2.0969864442013204, 1.9678149400278926, 2.507325776387006]"
9,breast_cancer,random_forest,Optuna (TPE),"[0.09903972575594662, 0.3075347357838861, 0.9092597262457492, 0.9092597262457492, 0.9092597262457492, 0.9092597262457492, 1.053275242510497, 1.053275242510497, 1.053275242510497, 1.053275242510497, 1.053275242510497, 1.053275242510497, 1.053275242510497, 1.053275242510497, 1.053275242510497, 1.053275242510497, 1.053275242510497, 1.053275242510497, 1.053275242510497, 1.2192083778690797, 1.2192083778690797, 1.2192083778690797, 1.2192083778690797, 1.2192083778690797, 1.2192083778690797, 1.2192083778690797, 1.2192083778690797, 1.2192083778690797, 1.4142663351847022, 1.4142663351847022]","[0.9659559058451777, 0.9692343802649648, 0.972092246247732, 0.972092246247732, 0.972092246247732, 0.972092246247732, 0.972092246247732, 0.972092246247732, 0.972092246247732, 0.9721860980164607, 0.9721860980164607, 0.9721860980164607, 0.9721860980164607, 0.9721860980164607, 0.9721860980164607, 0.9721860980164607, 0.9721860980164607, 0.9721860980164607, 0.9721860980164607, 0.9721860980164607, 0.9721860980164607, 0.9721860980164607, 0.9721860980164607, 0.9721860980164607, 0.9721860980164607, 0.9721860980164607, 0.9721860980164607, 0.9721860980164607, 0.9721860980164607, 0.9721860980164607]","[0.9893504220846179, 0.9893504220846179, 0.991471070176442, 0.991471070176442, 0.991471070176442, 0.991471070176442, 0.991809188464118, 0.991809188464118, 0.991809188464118, 0.991809188464118, 0.9921414143777394, 0.9921414143777394, 0.9921414143777394, 0.9921414143777394, 0.9921414143777394, 0.9921414143777394, 0.9921414143777394, 0.9921414143777394, 0.9921414143777394, 0.9929902845150143, 0.9929902845150143, 0.9929902845150143, 0.9929902845150143, 0.9929902845150143, 0.9929902845150143, 0.9929902845150143, 0.9929902845150143, 0.9929902845150143, 0.9929968267832663, 0.9929968267832663]","[0.9659559058451777, 0.9692343802649648, 0.972092246247732, 0.9704407194951902, 0.964741762278087, 0.9659480118920628, 0.970595508149465, 0.9705896922838452, 0.9674159518880016, 0.9721860980164607, 0.9663410496092922, 0.9678076620203443, 0.9651970265881588, 0.9634285566090212, 0.9652413460487995, 0.9664313717482141, 0.9666297764610838, 0.9691302883783981, 0.9678196640435717, 0.9678697502427613, 0.9678571962978527, 0.9679117539069109, 0.9692343802649648, 0.9665651188011436, 0.9691923766008153, 0.9664103463373144, 0.9660387215801673, 0.969198192466435, 0.9705521279605666, 0.9673156572049291]","[0.9893504220846179, 0.9888886722574899, 0.991471070176442, 0.9908159551624995, 0.9900457872125085, 0.9906961796619511, 0.991809188464118, 0.9884472641187347, 0.9906253845207333, 0.9909655824698405, 0.9921414143777394, 0.9912158567251919, 0.9907766365635673, 0.9907494709861234, 0.9908200061696621, 0.9911450399208344, 0.9908137888485088, 0.9918095134112166, 0.9895188746605387, 0.9929902845150143, 0.9916731872717788, 0.9920662432822602, 0.9920662432822602, 0.9927276189436359, 0.9886868367829716, 0.9915368611323409, 0.9896133909399548, 0.9915390057831918, 0.9929968267832663, 0.9893472809293314]","[7.3450860269367695, 11.552260254975408, 23.305311457719654, 31.217217784840614, 39.32426156802103, 48.88213434582576, 55.5031113140285, 59.50695488136262, 68.48127733916044, 77.97200410580263, 83.95421446347609, 96.37294855015352, 109.70669682929292, 120.92764912219718, 127.0542171774432, 138.0466752727516, 144.01168057788163, 155.1230760589242, 165.51165795093402, 170.28455983893946, 175.25275526102632, 182.2319679860957, 189.22610471909866, 194.1975671639666, 199.09844200173393, 204.13865087088197, 209.55233671190217, 213.45092718489468, 217.91383716091514, 222.33027574187145]","[7.3450860269367695, 4.207174228038639, 11.753051202744246, 7.91190632712096, 8.107043783180416, 9.557872777804732, 6.62097696820274, 4.0038435673341155, 8.974322457797825, 9.490726766642183, 5.982210357673466, 12.418734086677432, 13.3337482791394, 11.220952292904258, 6.126568055246025, 10.992458095308393, 5.965005305130035, 11.111395481042564, 10.388581892009825, 4.7729018880054355, 4.968195422086865, 6.979212725069374, 6.994136733002961, 4.971462444867939, 4.900874837767333, 5.040208869148046, 5.413685841020197, 3.8985904729925096, 4.462909976020455, 4.41643858095631]"
9,breast_cancer,random_forest,AMSCO,"[0.11272711669243457, 0.11272711669243457, 0.36830411933106644, 0.39455736319856405, 0.39455736319856405, 0.4190394262027117, 0.4190394262027117, 0.4190394262027117, 0.42202924856902424, 0.42202924856902424, 0.4636679145861098, 0.4636679145861098, 0.5126540722130738, 0.5126540722130738, 0.5126540722130738, 0.5126540722130738, 0.5315633673023018, 0.5315633673023018, 0.5315633673023018, 0.5869712865903955, 0.6047710906713127, 0.6047710906713127, 0.6047710906713127, 0.6047710906713127, 0.6047710906713127, 0.6047710906713127, 0.6047710906713127]","[0.9643272972844217, 0.9647599520526755, 0.9661389054331282, 0.970785095862874, 0.970785095862874, 0.970785095862874, 0.970785095862874, 0.970785095862874, 0.970785095862874, 0.970785095862874, 0.9717950572993248, 0.9717950572993248, 0.9717950572993248, 0.9717950572993248, 0.9717950572993248, 0.9717950572993248, 0.9717950572993248, 0.9717950572993248, 0.9717950572993248, 0.9719400461644628, 0.9733382224562563, 0.9733382224562563, 0.9733382224562563, 0.9733382224562563, 0.9733382224562563, 0.9733382224562563, 0.9733382224562563]","[0.9903655134944032, 0.9903655134944032, 0.9913509913919348, 0.9913509913919348, 0.9913509913919348, 0.9913509913919348, 0.9913509913919348, 0.9913509913919348, 0.9913509913919348, 0.9913509913919348, 0.9913509913919348, 0.9913509913919348, 0.9913509913919348, 0.9913509913919348, 0.9913509913919348, 0.9913509913919348, 0.9913509913919348, 0.9913509913919348, 0.9913509913919348, 0.9913509913919348, 0.9913509913919348, 0.9913509913919348, 0.9913509913919348, 0.9913509913919348, 0.9913509913919348, 0.9913509913919348, 0.9913509913919348]","[0.9643272972844217, 0.9647599520526755, 0.9661389054331282, 0.970785095862874, 0.9694624695048202, 0.9690562417290091, 0.964652061830962, 0.969038132404458, 0.9690562417290091, 0.9675620475084441, 0.9717950572993248, 0.9690663663555684, 0.9704073625241507, 0.9647728651578961, 0.9649054795928569, 0.9676194601198137, 0.9704073625241507, 0.9676194601198137, 0.9649508170615286, 0.9719400461644628, 0.9733382224562563, 0.9691991526097494, 0.9719400461644628, 0.9721675731821587, 0.9647728651578961, 0.9718170097673203, 0.9719946445845726]","[0.9903655134944032, 0.9894483611401398, 0.9913509913919348, 0.9905698618931504, 0.9900345332113266, 0.99043882155985, 0.9898127134902438, 0.9900139423968444, 0.990506518872061, 0.990176784219529, 0.9901106466533914, 0.9898747783860788, 0.9906702922097615, 0.9893887875053939, 0.9892499484417272, 0.9903733122247698, 0.990868076677117, 0.9903405575572297, 0.9910792273017954, 0.9908995965456825, 0.991098940759111, 0.9910318716779575, 0.9910680491216031, 0.989925545954452, 0.9895195028915958, 0.9907351949769245, 0.9906029198446493]","[8.44566360488534, 16.488291524816304, 20.885467848740518, 30.822183841839433, 41.41867997078225, 45.916983569040895, 49.62635693093762, 55.964098582975566, 60.60399266704917, 67.81403088010848, 74.75502956099808, 78.41588750993833, 82.37921433523297, 95.44873987697065, 100.41262842901051, 105.50847005611286, 109.41226365510374, 114.79163186904043, 127.91853832593188, 132.61416506767273, 140.31365806469694, 144.82955409679562, 150.83398550376296, 157.44738121237606, 170.2879528524354, 178.98324749758467, 188.44454055652022]","[8.44566360488534, 8.042627919930965, 4.397176323924214, 9.936715993098915, 10.596496128942817, 4.498303598258644, 3.7093733618967235, 6.337741652037948, 4.639894084073603, 7.210038213059306, 6.9409986808896065, 3.6608579489402473, 3.9633268252946436, 13.069525541737676, 4.963888552039862, 5.095841627102345, 3.9037935989908874, 5.3793682139366865, 13.126906456891447, 4.695626741740853, 7.699492997024208, 4.515896032098681, 6.004431406967342, 6.613395708613098, 12.840571640059352, 8.69529464514926, 9.461293058935553]"
9,breast_cancer,logistic_regression,Optuna (TPE),"[1.5527492101818303, 1.5527492101818303, 1.5527492101818303, 1.5527492101818303, 1.5527492101818303, 1.5527492101818303, 1.5527492101818303, 1.5527492101818303, 1.5527492101818303, 1.5527492101818303, 1.5527492101818303, 1.5527492101818303, 1.6064875631214108, 1.6221856765929297, 1.6221856765929297, 1.6221856765929297, 1.6221856765929297, 1.6221856765929297, 1.6221856765929297, 1.6221856765929297, 1.6221856765929297, 1.7131272368646724, 1.7131272368646724, 1.7131272368646724, 1.7131272368646724, 1.7131272368646724, 1.7131272368646724, 1.7131272368646724, 1.7131272368646724, 1.7131272368646724]","[0.9789532634852833, 0.9789532634852833, 0.9789532634852833, 0.9789532634852833, 0.9789532634852833, 0.9789532634852833, 0.9789532634852833, 0.9789532634852833, 0.9789532634852833, 0.9789532634852833, 0.9789532634852833, 0.9789532634852833, 0.9804122300506328, 0.9804122300506328, 0.9804122300506328, 0.9804122300506328, 0.9804122300506328, 0.9804122300506328, 0.9804122300506328, 0.9804122300506328, 0.9804122300506328, 0.9816343310429708, 0.9816343310429708, 0.9816343310429708, 0.9817749298957092, 0.9817749298957092, 0.9817749298957092, 0.9817749298957092, 0.9817749298957092, 0.9817749298957092]","[0.9960358836914682, 0.9960358836914682, 0.9960358836914682, 0.9960358836914682, 0.9960358836914682, 0.9960358836914682, 0.9960358836914682, 0.9960358836914682, 0.9960358836914682, 0.9960358836914682, 0.9960358836914682, 0.9960358836914682, 0.9960358836914682, 0.9960358836914682, 0.9960358836914682, 0.9960358836914682, 0.9960358836914682, 0.9960358836914682, 0.9960358836914682, 0.9960358836914682, 0.9960358836914682, 0.9961662741305715, 0.9961662741305715, 0.9961662741305715, 0.9961662741305715, 0.9961662741305715, 0.9961662741305715, 0.9961662741305715, 0.9961662741305715, 0.9961662741305715]","[0.9789532634852833, 0.9691501760650697, 0.9761806527615173, 0.9776942076997297, 0.9704739981260382, 0.9704739981260382, 0.9619309733955876, 0.9748625342603002, 0.9776942076997297, 0.9761806527615173, 0.9789532634852833, 0.9789532634852833, 0.9804122300506328, 0.9804122300506328, 0.9777477968867402, 0.9802163046249444, 0.9777477968867402, 0.9802949710056785, 0.978932628050662, 0.9606516903807162, 0.9790357287200415, 0.9816343310429708, 0.9802741777862659, 0.978932628050662, 0.9817749298957092, 0.9704739981260382, 0.9789322711606021, 0.9761806527615173, 0.9816343310429708, 0.9802949710056785]","[0.9960358836914682, 0.9880769110788764, 0.9922880088454933, 0.9950522904871087, 0.9926714247587158, 0.9926714247587158, 0.9902958881627404, 0.9898556714966803, 0.9950516622560514, 0.9929468715826397, 0.9960358836914682, 0.9960358836914682, 0.9960358836914682, 0.9959036085591931, 0.9951764419419187, 0.9959694211782321, 0.9954397357443542, 0.9957080120689685, 0.9957030295467897, 0.9884478490235123, 0.9951184280532462, 0.9961662741305715, 0.9961007647954911, 0.9958349797319663, 0.9953804653935674, 0.992870444025046, 0.9959691178942733, 0.99301238091772, 0.9960339989982965, 0.9953804653935674]","[0.25407359609380364, 0.5196026158519089, 0.7758382968604565, 1.032565701752901, 1.2821322176605463, 1.534581124316901, 1.784797567408532, 2.0503092375583947, 2.308046201709658, 2.5682870554737747, 2.823192711453885, 3.0805879165418446, 3.337493723258376, 3.5922828763723373, 3.8478981885127723, 4.102571625262499, 4.3580855103209615, 4.613756079226732, 4.864240048453212, 5.1131074307486415, 5.37170239770785, 5.626200255006552, 5.883469116874039, 6.1437563938088715, 6.4047805946320295, 6.662006016820669, 6.9182822476141155, 7.182388697750866, 7.441869656089693, 7.700100849382579]","[0.25407359609380364, 0.2655290197581053, 0.25623568100854754, 0.2567274048924446, 0.24956651590764523, 0.25244890665635467, 0.25021644309163094, 0.26551167014986277, 0.25773696415126324, 0.26024085376411676, 0.25490565598011017, 0.25739520508795977, 0.2569058067165315, 0.2547891531139612, 0.255615312140435, 0.25467343674972653, 0.2555138850584626, 0.2556705689057708, 0.25048396922647953, 0.2488673822954297, 0.25859496695920825, 0.254497857298702, 0.25726886186748743, 0.26028727693483233, 0.261024200823158, 0.25722542218863964, 0.2562762307934463, 0.26410645013675094, 0.2594809583388269, 0.258231193292886]"
9,breast_cancer,logistic_regression,AMSCO,"[0.6756025105259342, 0.6756025105259342, 0.6756025105259342, 0.6756025105259342, 0.6756025105259342, 0.6756025105259342, 0.6756025105259342, 0.6756025105259342, 0.6756025105259342]","[0.9802741777862659, 0.9816343310429708, 0.9816343310429708, 0.9816343310429708, 0.9816343310429708, 0.9816343310429708, 0.9816343310429708, 0.9816343310429708, 0.9816343310429708]","[0.9961662741305715, 0.9961662741305715, 0.9961662741305715, 0.9961662741305715, 0.9961662741305715, 0.9961662741305715, 0.9961662741305715, 0.9961662741305715, 0.9961662741305715]","[0.9802741777862659, 0.9816343310429708, 0.978932628050662, 0.9802949710056785, 0.9789532634852833, 0.9748027398942428, 0.9606516903807162, 0.9562735865868601, 0.9748027398942428]","[0.9961662741305715, 0.9960339989982965, 0.995966626633184, 0.9954459747286475, 0.9960358836914682, 0.991694655443427, 0.98857949592473, 0.9877209856901963, 0.991694655443427]","[0.2573621887713671, 0.5170717206783593, 0.7725610095076263, 1.028943657875061, 1.2881485251709819, 1.5583292744122446, 1.8169345553033054, 2.0736570893786848, 2.337922789622098]","[0.2573621887713671, 0.2597095319069922, 0.255489288829267, 0.25638264836743474, 0.25920486729592085, 0.2701807492412627, 0.25860528089106083, 0.25672253407537937, 0.26426570024341345]"
9,telco,random_forest,Optuna (TPE),"[0.6661119924943724, 0.6661119924943724, 0.6661119924943724, 0.6661119924943724, 0.6661119924943724, 0.6661119924943724, 0.6661119924943724, 0.6661119924943724, 0.6661119924943724, 0.6661119924943724, 0.6661119924943724, 0.7182574393744844, 0.7182806556711304, 0.7448470906624199, 0.7856207592290437, 0.7887865858229893, 0.9486295102219252, 0.9486295102219252, 0.9486295102219252, 0.9486295102219252, 0.9759473887483276, 0.998303768101455, 1.0244976661420615, 1.0244976661420615, 1.0244976661420615, 1.0244976661420615, 1.0244976661420615, 1.0244976661420615, 1.0244976661420615, 1.0244976661420615]","[0.5947742688313278, 0.5947742688313278, 0.5978789358213437, 0.5978789358213437, 0.5978789358213437, 0.5978789358213437, 0.5978789358213437, 0.5978789358213437, 0.5978789358213437, 0.6030925523715972, 0.6030925523715972, 0.6030925523715972, 0.6030925523715972, 0.6030925523715972, 0.6030925523715972, 0.6030925523715972, 0.6185677693836453, 0.6185677693836453, 0.6187668163531456, 0.6187668163531456, 0.6187668163531456, 0.6187668163531456, 0.619093041902244, 0.619093041902244, 0.619093041902244, 0.619093041902244, 0.619093041902244, 0.619093041902244, 0.619093041902244, 0.619093041902244]","[0.8117877730208856, 0.8117877730208856, 0.8126066297189641, 0.8126066297189641, 0.8126066297189641, 0.8126066297189641, 0.8126066297189641, 0.8126066297189641, 0.8126066297189641, 0.8185928082185597, 0.8185928082185597, 0.8185928082185597, 0.8185928082185597, 0.8185928082185597, 0.8185928082185597, 0.8185928082185597, 0.8305998160770478, 0.8305998160770478, 0.8308386312892375, 0.8308406150226995, 0.8308406150226995, 0.8308406150226995, 0.8308406150226995, 0.8308406150226995, 0.8308406150226995, 0.8308406150226995, 0.8308406150226995, 0.8308406150226995, 0.8308406150226995, 0.8308406150226995]","[0.5947742688313278, 0.46465581703281744, 0.5978789358213437, 0.5934505783394621, 0.5940390113374279, 0.59036186746679, 0.512303146073976, 0.46465581703281744, 0.5939142792948207, 0.6030925523715972, 0.5970369118130667, 0.593739559773181, 0.5911510690122197, 0.5921513227647527, 0.5941883811311447, 0.5945928010269951, 0.6185677693836453, 0.6125893765794432, 0.6187668163531456, 0.6169367932309632, 0.6176962292205485, 0.6142838534006142, 0.619093041902244, 0.6117513831140471, 0.6163367226217575, 0.6110689098802885, 0.6120136194553064, 0.5875195522443968, 0.6109515945410904, 0.5873149796079671]","[0.8117877730208856, 0.6134770306785579, 0.8126066297189641, 0.8097393894502277, 0.8115097701742515, 0.8102187937156792, 0.7100616455849583, 0.6134622911798042, 0.810743068976028, 0.8185928082185597, 0.8150434913447485, 0.8141347620478339, 0.8139017179339237, 0.8137425325858836, 0.8145646189807036, 0.8146540038782728, 0.8305998160770478, 0.8289529563552278, 0.8308386312892375, 0.8308406150226995, 0.8298359487382221, 0.8299487214061889, 0.829824318034882, 0.8275003426311273, 0.8289780829906613, 0.8241924877064047, 0.8266652960376659, 0.8136871085671389, 0.8247499165252148, 0.8077155269219135]","[11.229737726040184, 18.189586663153023, 35.239392914343625, 47.18456869525835, 59.38739417819306, 73.59525357512757, 84.02031163219362, 90.79412017622963, 104.1893835621886, 118.4815393993631, 137.11256125336513, 147.24616653332487, 157.11918172845617, 166.44969793828204, 175.11001054523513, 183.7531815492548, 192.04209731519222, 200.5559885483235, 209.04120659688488, 226.39326184429228, 233.89817368751392, 240.61710827471688, 247.1527642654255, 253.63967520324513, 260.5963279013522, 267.05685027269647, 276.55857225274667, 284.01662012701854, 295.22598990937695, 304.17858594609424]","[11.229737726040184, 6.959848937112838, 17.049806251190603, 11.945175780914724, 12.202825482934713, 14.20785939693451, 10.425058057066053, 6.773808544036001, 13.39526338595897, 14.292155837174505, 18.63102185400203, 10.133605279959738, 9.873015195131302, 9.330516209825873, 8.660312606953084, 8.643171004019678, 8.288915765937418, 8.51389123313129, 8.485218048561364, 17.352055247407407, 7.504911843221635, 6.718934587202966, 6.535655990708619, 6.48691093781963, 6.956652698107064, 6.460522371344268, 9.501721980050206, 7.45804787427187, 11.209369782358408, 8.952596036717296]"
9,telco,random_forest,AMSCO,"[0.6528827938008205, 0.6528827938008205, 0.6528827938008205, 0.6528827938008205, 0.6528827938008205, 0.6528827938008205, 0.6528827938008205, 0.6564186932926496, 0.6564186932926496, 0.6564186932926496, 0.6564186932926496, 0.6564186932926496, 0.6647856258950106, 0.6647856258950106, 0.6647856258950106, 0.6647856258950106, 0.6647856258950106, 0.6647856258950106, 0.6647856258950106, 0.6647856258950106]","[0.5814723845973864, 0.5950757008450763, 0.5988404390160535, 0.5988404390160535, 0.5988404390160535, 0.5988404390160535, 0.5988404390160535, 0.5988404390160535, 0.5988404390160535, 0.5988404390160535, 0.5988404390160535, 0.5988404390160535, 0.5988404390160535, 0.5988404390160535, 0.5988404390160535, 0.5988404390160535, 0.5988404390160535, 0.5988404390160535, 0.5988404390160535, 0.5988404390160535]","[0.8042668968131803, 0.8155698932743147, 0.8155698932743147, 0.8155698932743147, 0.8155698932743147, 0.8155698932743147, 0.8155698932743147, 0.8155698932743147, 0.8155698932743147, 0.8155698932743147, 0.8155698932743147, 0.8155698932743147, 0.8155698932743147, 0.8155698932743147, 0.8155698932743147, 0.8155698932743147, 0.8155698932743147, 0.8155698932743147, 0.8155698932743147, 0.8155698932743147]","[0.5814723845973864, 0.5950757008450763, 0.5988404390160535, 0.5941657101281349, 0.5926851121035893, 0.5943829513905365, 0.5875561716599341, 0.5831521399261068, 0.5892711583358011, 0.5890841886837338, 0.5895200032865227, 0.5921695719489598, 0.5836754423726275, 0.5861222294286372, 0.5943829513905365, 0.5875561716599341, 0.5902628013677473, 0.5918698160051603, 0.5910230146582022, 0.5874862464481861]","[0.8042668968131803, 0.8155698932743147, 0.8139050138149958, 0.8117046221595852, 0.811829540493199, 0.8121717842067204, 0.8078085814009883, 0.8043064277515869, 0.8084060782761764, 0.808804661743333, 0.8137336604118763, 0.8134649065449728, 0.8051590948250981, 0.8099260936781876, 0.8121717842067204, 0.8078085814009883, 0.808597937341089, 0.8140129296292222, 0.8090001015755222, 0.8095899296715265]","[6.491494963876903, 23.303651958703995, 41.791672128718346, 57.86486754287034, 70.05648506386206, 86.34111177967861, 96.14086212497205, 102.6813518810086, 112.67897392995656, 122.28892424609512, 131.892297453247, 146.31908661639318, 152.5322973751463, 160.50808799127117, 176.76755097415298, 186.65798115590587, 197.23958434024826, 212.74053622595966, 223.1258792039007, 231.03765410883352]","[6.491494963876903, 16.81215699482709, 18.48802017001435, 16.073195414151996, 12.191617520991713, 16.284626715816557, 9.799750345293432, 6.54048975603655, 9.99762204894796, 9.609950316138566, 9.60337320715189, 14.426789163146168, 6.213210758753121, 7.975790616124868, 16.259462982881814, 9.89043018175289, 10.581603184342384, 15.500951885711402, 10.385342977941036, 7.911774904932827]"
9,telco,logistic_regression,Optuna (TPE),"[0.8096171474595828, 0.8096171474595828, 0.8096171474595828, 1.2287091046870864, 1.2287091046870864, 1.2287091046870864, 1.2287091046870864, 1.2287091046870864, 1.2287091046870864, 1.2287091046870864, 1.2287091046870864, 1.2751491373621788, 1.2751491373621788, 1.2751491373621788, 1.2751491373621788, 1.2751491373621788, 1.291449802725491, 1.291449802725491, 1.291449802725491, 1.291449802725491, 1.291449802725491, 1.291449802725491, 1.3218695763708646, 1.3218695763708646, 1.3218695763708646, 1.3218695763708646, 1.3218695763708646, 1.3218695763708646, 1.3218695763708646, 1.3218695763708646]","[0.6273312981253631, 0.6273312981253631, 0.6273312981253631, 0.6304458732495485, 0.6304458732495485, 0.6304458732495485, 0.6304458732495485, 0.6304458732495485, 0.6304458732495485, 0.6304458732495485, 0.6304458732495485, 0.6318226331754584, 0.6321155262623949, 0.6321155262623949, 0.6321155262623949, 0.6321155262623949, 0.6330671158266995, 0.6330671158266995, 0.6330671158266995, 0.6330671158266995, 0.6330671158266995, 0.6330671158266995, 0.6331193807102041, 0.6331193807102041, 0.6331193807102041, 0.6331193807102041, 0.6331193807102041, 0.6331193807102041, 0.6331193807102041, 0.6331193807102041]","[0.8435141570705478, 0.8435141570705478, 0.8438981507204725, 0.8446247764701745, 0.8446247764701745, 0.8446247764701745, 0.8446247764701745, 0.8446247764701745, 0.8446247764701745, 0.8446247764701745, 0.8446247764701745, 0.8446247764701745, 0.8446247764701745, 0.8446247764701745, 0.8446247764701745, 0.8446247764701745, 0.8446247764701745, 0.8446247764701745, 0.8446247764701745, 0.8446247764701745, 0.8446247764701745, 0.8446247764701745, 0.8446247764701745, 0.8446247764701745, 0.8446247764701745, 0.8446247764701745, 0.8446247764701745, 0.8446247764701745, 0.8446247764701745, 0.8446247764701745]","[0.6273312981253631, 0.6163750303589133, 0.6220640270022334, 0.6304458732495485, 0.6274093114070565, 0.6274093114070565, 0.6200958905225169, 0.6199568227590312, 0.6294421468509921, 0.6220771972243465, 0.6272442438376004, 0.6318226331754584, 0.6321155262623949, 0.6267602230285166, 0.6276961427775432, 0.6223745429766234, 0.6330671158266995, 0.6288640472007729, 0.6278493927747659, 0.6318184660771553, 0.6212433812529079, 0.6294752814438901, 0.6331193807102041, 0.6277683904854998, 0.6213485116712694, 0.6318435492210116, 0.6273312981253631, 0.6262361446018652, 0.6253636854113838, 0.6274046498104826]","[0.8435141570705478, 0.8420608939149208, 0.8438981507204725, 0.8446247764701745, 0.8426611408066886, 0.8426606245167969, 0.8409627090351647, 0.8426254555329689, 0.8446211517452331, 0.8441075154320142, 0.8436983291438468, 0.8445807393393023, 0.8443029511206916, 0.8433688061941276, 0.8444149607427851, 0.8432520148078926, 0.8444384224580584, 0.8439631394771961, 0.8433212102393103, 0.844305532614358, 0.8429728265042382, 0.8446216694203145, 0.8445900597802123, 0.8439517628014128, 0.8440227402805481, 0.8445714305238032, 0.8435250283798783, 0.8432492829113072, 0.8442547844101682, 0.8436026316775305]","[2.0846078116446733, 4.72036011191085, 7.204307682346553, 9.51965404348448, 11.558966608252376, 13.588310254272074, 15.603157773148268, 18.236621690914035, 20.56386548280716, 23.023263503797352, 25.142749775666744, 27.445676702540368, 29.696581413503736, 31.74461564514786, 34.18349750107154, 36.73542051902041, 39.00362835498527, 41.19151070807129, 43.255210008937865, 45.50686731887981, 48.10470021003857, 50.44365755561739, 52.77343200566247, 54.951172922737896, 57.41163809271529, 59.71725348616019, 61.82204879401252, 63.879900726955384, 66.35899674007669, 68.48381878295913]","[2.0846078116446733, 2.6357523002661765, 2.483947570435703, 2.3153463611379266, 2.039312564767897, 2.029343646019697, 2.014847518876195, 2.6334639177657664, 2.3272437918931246, 2.459398020990193, 2.119486271869391, 2.3029269268736243, 2.2509047109633684, 2.048034231644124, 2.4388818559236825, 2.551923017948866, 2.2682078359648585, 2.1878823530860245, 2.063699300866574, 2.2516573099419475, 2.5978328911587596, 2.3389573455788195, 2.329774450045079, 2.1777409170754254, 2.4604651699773967, 2.3056153934448957, 2.104795307852328, 2.0578519329428673, 2.479096013121307, 2.1248220428824425]"
9,telco,logistic_regression,AMSCO,"[0.6509657775836817, 0.6739082121614415, 0.6739082121614415, 0.6739082121614415, 0.6739082121614415, 0.6739082121614415, 0.6739082121614415, 0.6739082121614415, 0.6739082121614415]","[0.6311906944264725, 0.6320436141114772, 0.6320436141114772, 0.6320436141114772, 0.6320436141114772, 0.6320436141114772, 0.6320436141114772, 0.6320436141114772, 0.6320436141114772]","[0.8443732637289294, 0.8444415168576815, 0.8444415168576815, 0.8444415168576815, 0.8444415168576815, 0.8444415168576815, 0.8444415168576815, 0.8444415168576815, 0.8444415168576815]","[0.6311906944264725, 0.6320436141114772, 0.6208288604614645, 0.6248708388985363, 0.6200709579844386, 0.6225546228954935, 0.6192594854821805, 0.6179049164471742, 0.6220739593503773]","[0.8443732637289294, 0.8444415168576815, 0.8411209641098523, 0.8419200234770233, 0.8410227299823202, 0.843510468822474, 0.839879862946247, 0.8392877695281044, 0.8434494764716153]","[2.2460512407124043, 4.503706599585712, 6.4891341188922524, 8.50340315233916, 10.504995260387659, 13.08379443269223, 15.134880759753287, 17.11001931875944, 19.638985057827085]","[2.2460512407124043, 2.2576553588733077, 1.9854275193065405, 2.014269033446908, 2.0015921080484986, 2.5787991723045707, 2.051086327061057, 1.9751385590061545, 2.528965739067644]"
10,breast_cancer,random_forest,Optuna (TPE),"[0.09990899817937073, 0.17833665452813469, 1.470800422623578, 1.470800422623578, 1.470800422623578, 1.470800422623578, 1.6458513445257343, 1.6458513445257343, 1.6458513445257343, 1.6458513445257343, 1.6458513445257343, 1.6458513445257343, 1.6458513445257343, 1.9467940785308901, 1.9467940785308901, 1.9467940785308901, 1.9467940785308901, 1.9467940785308901, 1.9467940785308901, 1.9467940785308901, 1.9467940785308901, 1.9467940785308901, 1.9467940785308901, 1.9467940785308901, 1.9467940785308901, 1.9467940785308901, 1.9467940785308901, 1.9467940785308901, 1.9467940785308901, 1.9467940785308901]","[0.9659559058451777, 0.9692343802649648, 0.972092246247732, 0.972092246247732, 0.972092246247732, 0.972092246247732, 0.972092246247732, 0.972092246247732, 0.972092246247732, 0.9721860980164607, 0.9721860980164607, 0.9721860980164607, 0.9721860980164607, 0.9721860980164607, 0.9721860980164607, 0.9721860980164607, 0.9721860980164607, 0.9721860980164607, 0.9721860980164607, 0.9721860980164607, 0.9721860980164607, 0.9721860980164607, 0.9721860980164607, 0.9721860980164607, 0.9721860980164607, 0.9721860980164607, 0.9721860980164607, 0.9721860980164607, 0.9721860980164607, 0.9721860980164607]","[0.9893504220846179, 0.9893504220846179, 0.991471070176442, 0.991471070176442, 0.991471070176442, 0.991471070176442, 0.991809188464118, 0.991809188464118, 0.991809188464118, 0.991809188464118, 0.9921414143777394, 0.9921414143777394, 0.9921414143777394, 0.9923994223740376, 0.9923994223740376, 0.9923994223740376, 0.9923994223740376, 0.9923994223740376, 0.9923994223740376, 0.9923994223740376, 0.9923994223740376, 0.9923994223740376, 0.9923994223740376, 0.9923994223740376, 0.9923994223740376, 0.9923994223740376, 0.9923994223740376, 0.9923994223740376, 0.9923994223740376, 0.9923994223740376]","[0.9659559058451777, 0.9692343802649648, 0.972092246247732, 0.9704407194951902, 0.964741762278087, 0.9659480118920628, 0.970595508149465, 0.9705896922838452, 0.9674159518880016, 0.9721860980164607, 0.9663410496092922, 0.9663410496092922, 0.9632574120151759, 0.9705973289015427, 0.9678076620203443, 0.9693711578123579, 0.9597029491685195, 0.9693912895282759, 0.9675620475084441, 0.9611160109059925, 0.9664311992202255, 0.9693912895282759, 0.9693711578123579, 0.969198192466435, 0.9678697502427613, 0.9693711578123579, 0.9692764507904957, 0.9678571962978527, 0.9678571962978527, 0.9675620475084441]","[0.9893504220846179, 0.9888886722574899, 0.991471070176442, 0.9908159551624995, 0.9900457872125085, 0.9906961796619511, 0.991809188464118, 0.9884472641187347, 0.9906253845207333, 0.9909655824698405, 0.9921414143777394, 0.9920057164693589, 0.9912149468733157, 0.9923994223740376, 0.9917396281218751, 0.9919352462752398, 0.9906053677794588, 0.991937737536329, 0.9899805811613869, 0.9903813709128155, 0.9912130405170038, 0.991937737536329, 0.9921249070651298, 0.9917339957054991, 0.9886200709857768, 0.9921249070651298, 0.9916601677246943, 0.992070272626283, 0.988821906460295, 0.9898473745140958]","[7.209682801738381, 11.352301744744182, 22.947671104688197, 30.65153403673321, 38.574689416680485, 48.05333325872198, 54.53298598481342, 58.527279858943075, 67.3744624289684, 76.73236150899902, 82.69229323090985, 88.55184996128082, 94.79291117331013, 100.71688164537773, 112.07456389768049, 117.09158382285386, 121.9166651526466, 126.99747068434954, 133.89962605014443, 138.7306249877438, 151.8631852059625, 156.94657600857317, 160.60638474533334, 164.23132940661162, 168.61189603153616, 172.2144661336206, 175.93011553166434, 181.55501353694126, 185.97002561204135, 193.4135045800358]","[7.209682801738381, 4.1426189430058, 11.595369359944016, 7.703862932045013, 7.923155379947275, 9.478643842041492, 6.4796527260914445, 3.994293874129653, 8.847182570025325, 9.35789908003062, 5.959931721910834, 5.859556730370969, 6.241061212029308, 5.9239704720675945, 11.357682252302766, 5.017019925173372, 4.825081329792738, 5.080805531702936, 6.902155365794897, 4.830998937599361, 13.132560218218714, 5.083390802610666, 3.6598087367601693, 3.6249446612782776, 4.3805666249245405, 3.602570102084428, 3.7156493980437517, 5.624898005276918, 4.415012075100094, 7.4434789679944515]"
10,breast_cancer,random_forest,AMSCO,"[0.581907926488392, 0.581907926488392, 0.581907926488392, 0.581907926488392, 0.581907926488392, 0.581907926488392, 0.581907926488392, 0.581907926488392, 0.581907926488392]","[0.9704187670271945, 0.9704187670271945, 0.9704712845469805, 0.9704712845469805, 0.9704712845469805, 0.9719306884524276, 0.9719306884524276, 0.9719306884524276, 0.9719306884524276]","[0.9918706467920355, 0.9918706467920355, 0.9918706467920355, 0.9918706467920355, 0.9918706467920355, 0.9918706467920355, 0.9918706467920355, 0.9918706467920355, 0.9918706467920355]","[0.9704187670271945, 0.9691415031240315, 0.9704712845469805, 0.9648022536151523, 0.967353725246911, 0.9719306884524276, 0.9660133989065847, 0.9675555104061047, 0.9675555104061047]","[0.9918706467920355, 0.990175852704513, 0.989251833134899, 0.989908182947816, 0.9895497446349069, 0.9895160584523506, 0.9890537453835849, 0.991544334915609, 0.9916753535857696]","[8.731515520717949, 16.322755188681185, 23.961861204355955, 31.583165637217462, 42.94514213129878, 55.65985711757094, 68.96167871868238, 79.59327975194901, 89.6691603329964]","[8.731515520717949, 7.591239667963237, 7.63910601567477, 7.621304432861507, 11.361976494081318, 12.714714986272156, 13.301821601111442, 10.631601033266634, 10.075880581047386]"
10,breast_cancer,logistic_regression,Optuna (TPE),"[0.6817271456592444, 0.6817271456592444, 0.6817271456592444, 0.6817271456592444, 0.6817271456592444, 0.6817271456592444, 0.6817271456592444, 0.6817271456592444, 0.6817271456592444, 0.6817271456592444, 0.7360638803531219, 0.7360638803531219, 0.7480147675700117, 0.7480147675700117, 0.7480147675700117, 0.7480147675700117, 0.7480147675700117, 0.7480147675700117, 0.7480147675700117, 0.7480147675700117, 0.7480147675700117, 0.7489777479235777, 0.7553438712158954, 0.7553438712158954, 0.7553438712158954, 0.7553438712158954, 0.77951877555263, 0.77951877555263, 0.77951877555263, 0.77951877555263]","[0.9789532634852833, 0.9789532634852833, 0.9789532634852833, 0.9789532634852833, 0.9789532634852833, 0.9789532634852833, 0.9789532634852833, 0.9789532634852833, 0.9789532634852833, 0.9789532634852833, 0.9789532634852833, 0.9789532634852833, 0.9804122300506328, 0.9804122300506328, 0.9804122300506328, 0.9804122300506328, 0.9804122300506328, 0.9804122300506328, 0.9804122300506328, 0.9804122300506328, 0.9804122300506328, 0.9804122300506328, 0.9816343310429708, 0.9816343310429708, 0.9817749298957092, 0.9817749298957092, 0.9817749298957092, 0.9817749298957092, 0.9817749298957092, 0.9817749298957092]","[0.9960358836914682, 0.9960358836914682, 0.9960358836914682, 0.9960358836914682, 0.9960358836914682, 0.9960358836914682, 0.9960358836914682, 0.9960358836914682, 0.9960358836914682, 0.9960358836914682, 0.9960358836914682, 0.9960358836914682, 0.9960358836914682, 0.9960358836914682, 0.9960358836914682, 0.9960358836914682, 0.9960358836914682, 0.9960358836914682, 0.9960358836914682, 0.9960358836914682, 0.9960358836914682, 0.9961013930265485, 0.9961013930265485, 0.9961013930265485, 0.9961013930265485, 0.9961013930265485, 0.9961013930265485, 0.9961013930265485, 0.9961013930265485, 0.9961013930265485]","[0.9789532634852833, 0.9691501760650697, 0.9761806527615173, 0.9776942076997297, 0.9704739981260382, 0.9704739981260382, 0.9619309733955876, 0.9748625342603002, 0.9776942076997297, 0.9761806527615173, 0.9789532634852833, 0.9789532634852833, 0.9804122300506328, 0.9804122300506328, 0.9777477968867402, 0.9802949710056785, 0.9788565532651929, 0.9777477968867402, 0.978932628050662, 0.9606516903807162, 0.9776942076997297, 0.9802741777862659, 0.9816343310429708, 0.9802163046249444, 0.9817749298957092, 0.9761806527615173, 0.9816343310429708, 0.9816343310429708, 0.9817749298957092, 0.9704739981260382]","[0.9960358836914682, 0.9880769110788764, 0.9922880088454933, 0.9950522904871087, 0.9926714247587158, 0.9926714247587158, 0.9902958881627404, 0.9898556714966803, 0.9950516622560514, 0.9929468715826397, 0.9960358836914682, 0.9960358836914682, 0.9960358836914682, 0.9959036085591931, 0.9952425795080562, 0.9957735214040486, 0.9958384025080715, 0.9952425795080562, 0.9958349797319663, 0.9884478490235123, 0.9950522904871087, 0.9961013930265485, 0.9960339989982965, 0.995903911843152, 0.9953810936246246, 0.9929468715826397, 0.9960339989982965, 0.99610106807945, 0.9953804653935674, 0.9926043556775623]","[0.25925889099016786, 0.5243311440572143, 0.7846119939349592, 1.0433860351331532, 1.296163131017238, 1.5502951899543405, 1.8057375652715564, 2.07111943513155, 2.336850737221539, 2.6031476664356887, 2.8612740552052855, 3.1185343712568283, 3.3779498781077564, 3.638094139751047, 3.8983514071442187, 4.158636434003711, 4.417875730898231, 4.675785027910024, 4.9337205570191145, 5.188378201331943, 5.445299475453794, 5.703798521310091, 5.963440926745534, 6.225786168593913, 6.487089711707085, 6.749318706803024, 7.007778478786349, 7.2686538635753095, 7.528952465392649, 7.782409648410976]","[0.25925889099016786, 0.2650722530670464, 0.2602808498777449, 0.258774041198194, 0.2527770958840847, 0.25413205893710256, 0.2554423753172159, 0.26538186985999346, 0.2657313020899892, 0.2662969292141497, 0.2581263887695968, 0.25726031605154276, 0.25941550685092807, 0.2601442616432905, 0.2602572673931718, 0.26028502685949206, 0.2592392968945205, 0.25790929701179266, 0.25793552910909057, 0.2546576443128288, 0.25692127412185073, 0.258499045856297, 0.2596424054354429, 0.2623452418483794, 0.26130354311317205, 0.26222899509593844, 0.2584597719833255, 0.2608753847889602, 0.26029860181733966, 0.25345718301832676]"
10,breast_cancer,logistic_regression,AMSCO,"[0.7031360849212316, 0.7031360849212316, 0.7031360849212316, 0.7705536785537672, 0.7705536785537672, 0.7705536785537672, 0.7705536785537672, 0.7705536785537672, 0.7705536785537672]","[0.9802741777862659, 0.9802741777862659, 0.9802741777862659, 0.9804125869406928, 0.9804125869406928, 0.9804125869406928, 0.9804125869406928, 0.9804125869406928, 0.9804125869406928]","[0.9961662741305715, 0.9961662741305715, 0.9961662741305715, 0.9961662741305715, 0.9961662741305715, 0.9961662741305715, 0.9961662741305715, 0.9961662741305715, 0.9961662741305715]","[0.9802741777862659, 0.9777477968867402, 0.9776942076997297, 0.9804125869406928, 0.9734019086807054, 0.9719107797352334, 0.9802949710056785, 0.9562735865868601, 0.9748027398942428]","[0.9961662741305715, 0.9951764419419187, 0.9949861529209711, 0.9957030295467897, 0.9937339367817586, 0.9937932287956854, 0.9956425027338882, 0.9877209856901963, 0.991694655443427]","[0.2566570322960615, 0.5093320924788713, 0.7660653213970363, 1.0139681044965982, 1.2667569052428007, 1.5190831595100462, 1.7763056755065918, 2.0246545732952654, 2.2822991460561752]","[0.2566570322960615, 0.25267506018280983, 0.25673322891816497, 0.24790278309956193, 0.25278880074620247, 0.25232625426724553, 0.25722251599654555, 0.24834889778867364, 0.2576445727609098]"
10,telco,random_forest,Optuna (TPE),"[1.0548597879845576, 1.0548597879845576, 1.0548597879845576, 1.0548597879845576, 1.0548597879845576, 1.0548597879845576, 1.0548597879845576, 1.0548597879845576, 1.0548597879845576, 1.0548597879845576, 1.0548597879845576, 1.0548597879845576, 1.3490131903607618, 1.3490131903607618, 1.3490131903607618, 1.3607667489575523, 1.4032899896520474, 1.4032899896520474, 1.406509031735288, 1.406509031735288, 1.406509031735288, 1.406509031735288, 1.441653603150184, 1.441653603150184, 1.4703945489347774, 1.4703945489347774, 1.4703945489347774, 1.4703945489347774, 1.4703945489347774, 1.4703945489347774]","[0.5947742688313278, 0.5947742688313278, 0.5978789358213437, 0.5978789358213437, 0.5978789358213437, 0.5978789358213437, 0.5978789358213437, 0.5978789358213437, 0.5978789358213437, 0.6030925523715972, 0.6030925523715972, 0.6030925523715972, 0.6148037527132383, 0.6148037527132383, 0.6148037527132383, 0.6148037527132383, 0.6148037527132383, 0.6148037527132383, 0.6148037527132383, 0.6148037527132383, 0.6148037527132383, 0.6148037527132383, 0.6148037527132383, 0.6148037527132383, 0.6185633945296831, 0.6185633945296831, 0.6185633945296831, 0.6185633945296831, 0.6185633945296831, 0.6185633945296831]","[0.8117877730208856, 0.8117877730208856, 0.8126066297189641, 0.8126066297189641, 0.8126066297189641, 0.8126066297189641, 0.8126066297189641, 0.8126066297189641, 0.8126066297189641, 0.8185928082185597, 0.8185928082185597, 0.8185928082185597, 0.8290707263249759, 0.8290707263249759, 0.8290707263249759, 0.8290707263249759, 0.8290707263249759, 0.8290707263249759, 0.8290707263249759, 0.8290707263249759, 0.8290707263249759, 0.8290707263249759, 0.8290707263249759, 0.8290707263249759, 0.8290707263249759, 0.8290707263249759, 0.8290707263249759, 0.8290707263249759, 0.8290707263249759, 0.8290707263249759]","[0.5947742688313278, 0.46465581703281744, 0.5978789358213437, 0.5934505783394621, 0.5940390113374279, 0.59036186746679, 0.512303146073976, 0.46465581703281744, 0.5939142792948207, 0.6030925523715972, 0.5970369118130667, 0.5921865040987457, 0.6148037527132383, 0.5877678182498521, 0.5911334448248552, 0.6124947358200656, 0.613347406636584, 0.6139934773462989, 0.613347406636584, 0.5924846400901684, 0.611570038203815, 0.6141368575342427, 0.6122191109251339, 0.593890921513854, 0.6185633945296831, 0.607204577951203, 0.591056395809609, 0.614795991381823, 0.5880246995338043, 0.6137877918759557]","[0.8117877730208856, 0.6134770306785579, 0.8126066297189641, 0.8097393894502277, 0.8115097701742515, 0.8102187937156792, 0.7100616455849583, 0.6134622911798042, 0.810743068976028, 0.8185928082185597, 0.8150434913447485, 0.8146409985886299, 0.8290707263249759, 0.8085032103253209, 0.813055102172226, 0.826305915935027, 0.8268648706660713, 0.8268680974022043, 0.8268648706660713, 0.815763404544178, 0.8240640111516848, 0.8270150811518754, 0.8250135549821618, 0.811361580091253, 0.8280904648796378, 0.8192493998146085, 0.8131514417576344, 0.8279427198879212, 0.8135115149969419, 0.8241117930206443]","[10.85232830280438, 17.670923117548227, 34.49304677871987, 46.29547272063792, 58.23449298599735, 72.23793084872887, 82.16282849945128, 88.8060090681538, 102.06708303187042, 115.92358484771103, 133.965603843797, 149.07249075593427, 159.1180375176482, 168.33444761950523, 177.64902008743957, 186.427267763298, 194.32156185945496, 202.42006621230394, 210.1957125882618, 217.81836068909615, 228.92221433715895, 237.01904626190662, 243.29969019582495, 249.52827822044492, 256.9149592285976, 263.15180596569553, 270.0218827528879, 278.85200158366933, 285.8812279603444, 296.0871533411555]","[10.85232830280438, 6.818594814743847, 16.822123661171645, 11.802425941918045, 11.939020265359432, 14.003437862731516, 9.924897650722414, 6.643180568702519, 13.261073963716626, 13.856501815840602, 18.04201899608597, 15.10688691213727, 10.045546761713922, 9.216410101857036, 9.31457246793434, 8.778247675858438, 7.894294096156955, 8.098504352848977, 7.775646375957876, 7.62264810083434, 11.103853648062795, 8.096831924747676, 6.280643933918327, 6.228588024619967, 7.386681008152664, 6.236846737097949, 6.8700767871923745, 8.83011883078143, 7.029226376675069, 10.205925380811095]"
10,telco,random_forest,AMSCO,"[0.23014351877549513, 0.5275199935980519, 0.5492679291085023, 0.6819486975459985, 0.6819486975459985, 0.6819486975459985, 0.6819486975459985, 0.6819486975459985, 0.6819486975459985]","[0.5252341826449427, 0.5938806757715615, 0.5938806757715615, 0.5938806757715615, 0.5938806757715615, 0.6161585657209306, 0.6161585657209306, 0.6161585657209306, 0.6161585657209306]","[0.729576591975907, 0.8120043971907736, 0.8120043971907736, 0.8135493187030919, 0.8135493187030919, 0.8294757769113295, 0.8294757769113295, 0.8294757769113295, 0.8294757769113295]","[0.5252341826449427, 0.5938806757715615, 0.5925075222282354, 0.5904527344231798, 0.534540527128506, 0.6161585657209306, 0.5928642579798179, 0.5906731026406502, 0.5930328596262324]","[0.729576591975907, 0.8120043971907736, 0.8100888367175056, 0.8135493187030919, 0.7414217758529489, 0.8294757769113295, 0.8105523162395165, 0.8140964058412757, 0.8142000289503548]","[14.666150690987706, 31.359827659092844, 46.32965586101636, 53.504540651105344, 69.62786400085315, 83.82971952203661, 97.05301166325808, 106.68323119031265, 115.62785661406815]","[14.666150690987706, 16.693676968105137, 14.96982820192352, 7.174884790088981, 16.123323349747807, 14.201855521183461, 13.223292141221464, 9.630219527054578, 8.944625423755497]"
10,telco,logistic_regression,Optuna (TPE),"[0.681556855138845, 0.681556855138845, 0.681556855138845, 1.112197157326932, 1.112197157326932, 1.112197157326932, 1.112197157326932, 1.112197157326932, 1.112197157326932, 1.112197157326932, 1.112197157326932, 1.1850110950276482, 1.1850110950276482, 1.1850110950276482, 1.1850110950276482, 1.1850110950276482, 1.1850110950276482, 1.1850110950276482, 1.1850110950276482, 1.1850110950276482, 1.1850110950276482, 1.1850110950276482, 1.1850110950276482, 1.1850110950276482, 1.1850110950276482, 1.1850110950276482, 1.236082731413034, 1.236082731413034, 1.236082731413034, 1.236082731413034]","[0.6273312981253631, 0.6273312981253631, 0.6273312981253631, 0.6304458732495485, 0.6304458732495485, 0.6304458732495485, 0.6304458732495485, 0.6304458732495485, 0.6304458732495485, 0.6304458732495485, 0.6304458732495485, 0.6318226331754584, 0.6321155262623949, 0.6321155262623949, 0.6327493081823865, 0.6327493081823865, 0.6327493081823865, 0.6327493081823865, 0.6327493081823865, 0.6327493081823865, 0.6327493081823865, 0.6327493081823865, 0.6327493081823865, 0.6327493081823865, 0.6327493081823865, 0.6327493081823865, 0.6330786254345948, 0.6330786254345948, 0.6330786254345948, 0.6330786254345948]","[0.8435141570705478, 0.8435141570705478, 0.8438981507204725, 0.8446247764701745, 0.8446247764701745, 0.8446247764701745, 0.8446247764701745, 0.8446247764701745, 0.8446247764701745, 0.8446247764701745, 0.8446247764701745, 0.8446247764701745, 0.8446247764701745, 0.8446247764701745, 0.8446247764701745, 0.8446247764701745, 0.8446247764701745, 0.8446247764701745, 0.8446247764701745, 0.8446247764701745, 0.8446247764701745, 0.8446247764701745, 0.8446247764701745, 0.8446247764701745, 0.8446247764701745, 0.8446247764701745, 0.8446247764701745, 0.8446247764701745, 0.8446247764701745, 0.8446247764701745]","[0.6273312981253631, 0.6163750303589133, 0.6220640270022334, 0.6304458732495485, 0.6274093114070565, 0.6274093114070565, 0.6200958905225169, 0.6199568227590312, 0.6294421468509921, 0.6220771972243465, 0.6272442438376004, 0.6318226331754584, 0.6321155262623949, 0.6266054307386011, 0.6327493081823865, 0.621854442947742, 0.6277181328304219, 0.63073856380477, 0.6288684318628385, 0.6208012609195941, 0.6271954026766212, 0.6311874921799238, 0.6314870906739085, 0.62863895153832, 0.6313482166526786, 0.6226453970078835, 0.6330786254345948, 0.6276013454042859, 0.6276119996203585, 0.6276868086063926]","[0.8435141570705478, 0.8420608939149208, 0.8438981507204725, 0.8446247764701745, 0.8426611408066886, 0.8426606245167969, 0.8409627090351647, 0.8426254555329689, 0.8446211517452331, 0.8441075154320142, 0.8436983291438468, 0.8445807393393023, 0.8443029511206916, 0.8434314008677065, 0.8442822693991612, 0.8438914273961311, 0.8433124319514155, 0.8441136500454312, 0.8445870738044938, 0.8428864840268527, 0.8433403343057948, 0.8440820991271852, 0.8445630799875374, 0.844458907064702, 0.8443515585800482, 0.8431067400284817, 0.8444839440124602, 0.8436833261744017, 0.8438462735693701, 0.8434981312430996]","[2.049886037129909, 4.644400169141591, 7.109150595031679, 9.424201569054276, 11.423306948505342, 13.436242494732141, 15.432291409000754, 18.040751631837338, 20.337711886968464, 22.78747598780319, 24.899733289610595, 27.190036232583225, 29.4127309191972, 31.46992761734873, 33.67649782123044, 36.157472824212164, 38.180871912278235, 40.35621755896136, 42.70554911997169, 45.25193430809304, 47.281418084166944, 49.470532230101526, 51.740242161788046, 54.134865895844996, 56.36923225177452, 58.885424880776554, 61.14864025870338, 63.239777631592005, 65.37221821863204, 67.43301762454212]","[2.049886037129909, 2.594514132011682, 2.464750425890088, 2.315050974022597, 1.9991053794510663, 2.0129355462267995, 1.9960489142686129, 2.608460222836584, 2.2969602551311255, 2.4497641008347273, 2.1122573018074036, 2.2903029429726303, 2.222694686613977, 2.057196698151529, 2.2065702038817108, 2.4809750029817224, 2.0233990880660713, 2.1753456466831267, 2.349331561010331, 2.5463851881213486, 2.029483776073903, 2.1891141459345818, 2.2697099316865206, 2.3946237340569496, 2.2343663559295237, 2.5161926290020347, 2.2632153779268265, 2.0911373728886247, 2.132440587040037, 2.0607994059100747]"
10,telco,logistic_regression,AMSCO,"[0.13159583583986337, 0.13159583583986337, 0.13159583583986337, 0.4687965132506072, 0.6472767275833873, 0.6472767275833873, 0.6472767275833873, 0.6472767275833873, 0.6472767275833873]","[0.6212167960441644, 0.6212167960441644, 0.6212167960441644, 0.6261782308616491, 0.6308228126401557, 0.6308228126401557, 0.6308228126401557, 0.6308228126401557, 0.6308228126401557]","[0.8427784409607266, 0.8427784409607266, 0.8427784409607266, 0.8443725852954987, 0.8446014903203108, 0.8446014903203108, 0.8446014903203108, 0.8446014903203108, 0.8446014903203108]","[0.6212167960441644, 0.6199810076517218, 0.6148816486752807, 0.6261782308616491, 0.6308228126401557, 0.627120812242725, 0.6297555160658999, 0.6179049164471742, 0.62205974144855]","[0.8427784409607266, 0.8424843199719316, 0.8418628620527826, 0.8443725852954987, 0.8446014903203108, 0.8428768201861964, 0.8440278095505634, 0.8392877695281044, 0.8434386217845595]","[2.5539294192567468, 5.14896810753271, 7.789897378534079, 10.206053134519607, 12.494908073917031, 14.552030951716006, 16.76196689158678, 18.74273362569511, 21.254987481515855]","[2.5539294192567468, 2.595038688275963, 2.6409292710013688, 2.4161557559855282, 2.2888549393974245, 2.0571228777989745, 2.2099359398707747, 1.9807667341083288, 2.5122538558207452]"
